-- phpMyAdmin SQL Dump
-- version 5.2.1
-- https://www.phpmyadmin.net/
--
-- Host: 127.0.0.1
-- Generation Time: Sep 17, 2024 at 08:53 AM
-- Server version: 10.4.32-MariaDB
-- PHP Version: 8.2.12

SET SQL_MODE = "NO_AUTO_VALUE_ON_ZERO";
START TRANSACTION;
SET time_zone = "+00:00";


/*!40101 SET @OLD_CHARACTER_SET_CLIENT=@@CHARACTER_SET_CLIENT */;
/*!40101 SET @OLD_CHARACTER_SET_RESULTS=@@CHARACTER_SET_RESULTS */;
/*!40101 SET @OLD_COLLATION_CONNECTION=@@COLLATION_CONNECTION */;
/*!40101 SET NAMES utf8mb4 */;

--
-- Database: `si_pendaftaran`
--

-- --------------------------------------------------------

--
-- Table structure for table `cache`
--

CREATE TABLE `cache` (
  `key` varchar(255) NOT NULL,
  `value` mediumtext NOT NULL,
  `expiration` int(11) NOT NULL
) ENGINE=InnoDB DEFAULT CHARSET=utf8mb4 COLLATE=utf8mb4_unicode_ci;

-- --------------------------------------------------------

--
-- Table structure for table `cache_locks`
--

CREATE TABLE `cache_locks` (
  `key` varchar(255) NOT NULL,
  `owner` varchar(255) NOT NULL,
  `expiration` int(11) NOT NULL
) ENGINE=InnoDB DEFAULT CHARSET=utf8mb4 COLLATE=utf8mb4_unicode_ci;

-- --------------------------------------------------------

--
-- Table structure for table `failed_jobs`
--

CREATE TABLE `failed_jobs` (
  `id` bigint(20) UNSIGNED NOT NULL,
  `uuid` varchar(255) NOT NULL,
  `connection` text NOT NULL,
  `queue` text NOT NULL,
  `payload` longtext NOT NULL,
  `exception` longtext NOT NULL,
  `failed_at` timestamp NOT NULL DEFAULT current_timestamp()
) ENGINE=InnoDB DEFAULT CHARSET=utf8mb4 COLLATE=utf8mb4_unicode_ci;

-- --------------------------------------------------------

--
-- Table structure for table `gelombang`
--

CREATE TABLE `gelombang` (
  `id` bigint(20) UNSIGNED NOT NULL,
  `nama_gelombang` varchar(255) NOT NULL,
  `aktif` tinyint(3) UNSIGNED DEFAULT NULL,
  `created_at` timestamp NULL DEFAULT NULL,
  `updated_at` timestamp NULL DEFAULT NULL,
  `deleted_at` timestamp NULL DEFAULT NULL
) ENGINE=InnoDB DEFAULT CHARSET=utf8mb4 COLLATE=utf8mb4_unicode_ci;

--
-- Dumping data for table `gelombang`
--

INSERT INTO `gelombang` (`id`, `nama_gelombang`, `aktif`, `created_at`, `updated_at`, `deleted_at`) VALUES
(1, 'Gelombang 01', 0, '2024-09-08 18:24:10', '2024-09-16 21:33:49', NULL),
(2, 'Gelombang 02', 0, '2024-09-08 18:24:28', '2024-09-12 19:53:06', NULL),
(4, 'Gelombang 03', 1, '2024-09-08 19:04:36', '2024-09-16 21:34:04', NULL),
(5, 'Gelombang 04', 0, '2024-09-12 22:48:21', '2024-09-15 19:32:37', NULL);

-- --------------------------------------------------------

--
-- Table structure for table `jobs`
--

CREATE TABLE `jobs` (
  `id` bigint(20) UNSIGNED NOT NULL,
  `queue` varchar(255) NOT NULL,
  `payload` longtext NOT NULL,
  `attempts` tinyint(3) UNSIGNED NOT NULL,
  `reserved_at` int(10) UNSIGNED DEFAULT NULL,
  `available_at` int(10) UNSIGNED NOT NULL,
  `created_at` int(10) UNSIGNED NOT NULL
) ENGINE=InnoDB DEFAULT CHARSET=utf8mb4 COLLATE=utf8mb4_unicode_ci;

-- --------------------------------------------------------

--
-- Table structure for table `job_batches`
--

CREATE TABLE `job_batches` (
  `id` varchar(255) NOT NULL,
  `name` varchar(255) NOT NULL,
  `total_jobs` int(11) NOT NULL,
  `pending_jobs` int(11) NOT NULL,
  `failed_jobs` int(11) NOT NULL,
  `failed_job_ids` longtext NOT NULL,
  `options` mediumtext DEFAULT NULL,
  `cancelled_at` int(11) DEFAULT NULL,
  `created_at` int(11) NOT NULL,
  `finished_at` int(11) DEFAULT NULL
) ENGINE=InnoDB DEFAULT CHARSET=utf8mb4 COLLATE=utf8mb4_unicode_ci;

-- --------------------------------------------------------

--
-- Table structure for table `jurusan`
--

CREATE TABLE `jurusan` (
  `id` bigint(20) UNSIGNED NOT NULL,
  `nama_jurusan` varchar(255) NOT NULL,
  `created_at` timestamp NULL DEFAULT NULL,
  `updated_at` timestamp NULL DEFAULT NULL,
  `deleted_at` timestamp NULL DEFAULT NULL
) ENGINE=InnoDB DEFAULT CHARSET=utf8mb4 COLLATE=utf8mb4_unicode_ci;

--
-- Dumping data for table `jurusan`
--

INSERT INTO `jurusan` (`id`, `nama_jurusan`, `created_at`, `updated_at`, `deleted_at`) VALUES
(2, 'Bahasa Inggris', '2024-09-08 22:43:00', '2024-09-11 00:45:39', NULL),
(3, 'Bahasa Korea', '2024-09-08 22:43:20', '2024-09-08 22:43:20', NULL),
(4, 'Barista', '2024-09-08 22:43:31', '2024-09-08 22:43:31', NULL),
(5, 'Content Creator', '2024-09-08 22:43:45', '2024-09-08 22:43:45', NULL),
(6, 'Desain Grafis', '2024-09-08 22:44:05', '2024-09-08 22:44:05', NULL),
(7, 'Jaringan Komputer', '2024-09-08 22:44:26', '2024-09-08 22:44:26', NULL),
(8, 'Make Up Artist', '2024-09-08 22:44:49', '2024-09-08 22:44:49', NULL),
(9, 'Operator Komputer', '2024-09-08 22:44:59', '2024-09-08 22:44:59', NULL),
(10, 'Otomotif Sepedah Motor', '2024-09-08 22:45:18', '2024-09-08 22:45:18', NULL),
(11, 'Tata Graha', '2024-09-08 22:45:41', '2024-09-08 22:45:41', NULL),
(12, 'Tata Boga', '2024-09-08 22:45:47', '2024-09-08 22:45:47', NULL),
(13, 'Tata Busana', '2024-09-08 22:45:56', '2024-09-08 22:45:56', NULL),
(14, 'Teknik Komputer', '2024-09-08 22:46:11', '2024-09-08 22:46:11', NULL),
(15, 'Teknik Pendingin', '2024-09-08 22:46:20', '2024-09-08 22:46:20', NULL),
(16, 'Video Editor', '2024-09-08 22:46:31', '2024-09-08 22:46:31', NULL),
(17, 'Web Programming', '2024-09-08 22:46:38', '2024-09-08 22:46:38', NULL);

-- --------------------------------------------------------

--
-- Table structure for table `levels`
--

CREATE TABLE `levels` (
  `id` bigint(20) UNSIGNED NOT NULL,
  `nama_level` varchar(255) NOT NULL,
  `created_at` timestamp NULL DEFAULT NULL,
  `updated_at` timestamp NULL DEFAULT NULL,
  `deleted_at` timestamp NULL DEFAULT NULL
) ENGINE=InnoDB DEFAULT CHARSET=utf8mb4 COLLATE=utf8mb4_unicode_ci;

--
-- Dumping data for table `levels`
--

INSERT INTO `levels` (`id`, `nama_level`, `created_at`, `updated_at`, `deleted_at`) VALUES
(1, 'Administrator', '2024-09-16 02:14:15', '2024-09-16 02:14:15', NULL),
(2, 'Admin Aplikasi', '2024-09-16 02:14:15', '2024-09-16 02:14:15', NULL),
(3, 'Pimpinan', '2024-09-16 02:15:05', '2024-09-16 02:15:05', NULL),
(4, 'PIC', '2024-09-16 02:15:49', '2024-09-16 02:15:49', NULL),
(5, 'Instruktur', '2024-09-16 02:15:49', '2024-09-16 02:15:49', NULL);

-- --------------------------------------------------------

--
-- Table structure for table `migrations`
--

CREATE TABLE `migrations` (
  `id` int(10) UNSIGNED NOT NULL,
  `migration` varchar(255) NOT NULL,
  `batch` int(11) NOT NULL
) ENGINE=InnoDB DEFAULT CHARSET=utf8mb4 COLLATE=utf8mb4_unicode_ci;

--
-- Dumping data for table `migrations`
--

INSERT INTO `migrations` (`id`, `migration`, `batch`) VALUES
(2, '0001_01_01_000001_create_cache_table', 1),
(3, '0001_01_01_000002_create_jobs_table', 1),
(4, '2024_09_06_115506_create_gelombang_table', 1),
(5, '2024_09_06_123215_create_jurusan_table', 1),
(7, '2024_09_08_105741_create_levels_table', 2),
(9, '2024_09_06_123351_create_peserta_pelatihan_table', 4),
(10, '2024_09_10_033135_create_personal_access_tokens_table', 5),
(11, '2024_09_08_110537_create_users_table', 6),
(12, '2024_09_11_070845_add_deleted_at_to_users_table', 7),
(13, '2024_09_11_074239_add_deleted_at_to_levels_table', 8),
(14, '2024_09_11_074331_add_deleted_at_to_jurusan_table', 8),
(15, '2024_09_11_074357_add_deleted_at_to_gelombang_table', 8),
(20, '2024_09_12_073708_create_user_jurusan_table', 9);

-- --------------------------------------------------------

--
-- Table structure for table `password_reset_tokens`
--

CREATE TABLE `password_reset_tokens` (
  `email` varchar(255) NOT NULL,
  `token` varchar(255) NOT NULL,
  `created_at` timestamp NULL DEFAULT NULL
) ENGINE=InnoDB DEFAULT CHARSET=utf8mb4 COLLATE=utf8mb4_unicode_ci;

-- --------------------------------------------------------

--
-- Table structure for table `personal_access_tokens`
--

CREATE TABLE `personal_access_tokens` (
  `id` bigint(20) UNSIGNED NOT NULL,
  `tokenable_type` varchar(255) NOT NULL,
  `tokenable_id` bigint(20) UNSIGNED NOT NULL,
  `name` varchar(255) NOT NULL,
  `token` varchar(64) NOT NULL,
  `abilities` text DEFAULT NULL,
  `last_used_at` timestamp NULL DEFAULT NULL,
  `expires_at` timestamp NULL DEFAULT NULL,
  `created_at` timestamp NULL DEFAULT NULL,
  `updated_at` timestamp NULL DEFAULT NULL
) ENGINE=InnoDB DEFAULT CHARSET=utf8mb4 COLLATE=utf8mb4_unicode_ci;

-- --------------------------------------------------------

--
-- Table structure for table `peserta_pelatihan`
--

CREATE TABLE `peserta_pelatihan` (
  `id` bigint(20) UNSIGNED NOT NULL,
  `email` varchar(255) NOT NULL,
  `id_jurusan` bigint(20) UNSIGNED NOT NULL,
  `id_gelombang` bigint(20) UNSIGNED NOT NULL,
  `info_pelatihan` text DEFAULT NULL,
  `ss_instagram` varchar(255) DEFAULT NULL,
  `nama_lengkap` varchar(255) DEFAULT NULL,
  `nik` varchar(255) DEFAULT NULL,
  `kartu_keluarga` varchar(255) DEFAULT NULL,
  `jenis_kelamin` varchar(255) DEFAULT NULL,
  `tempat_lahir` varchar(255) DEFAULT NULL,
  `tanggal_lahir` date DEFAULT NULL,
  `nomor_hp` varchar(255) DEFAULT NULL,
  `disabilitas` varchar(255) DEFAULT NULL,
  `pendidikan_terakhir` varchar(255) DEFAULT NULL,
  `nama_sekolah` varchar(255) DEFAULT NULL,
  `kejuruan` varchar(255) DEFAULT NULL,
  `aktivitas_saat_ini` varchar(255) DEFAULT NULL,
  `rumah_susun` varchar(255) DEFAULT NULL,
  `alamat_rumah` text DEFAULT NULL,
  `rt` varchar(255) DEFAULT NULL,
  `rw` varchar(255) DEFAULT NULL,
  `kelurahan` varchar(255) DEFAULT NULL,
  `kecamatan` varchar(255) DEFAULT NULL,
  `kota_madya` varchar(255) DEFAULT NULL,
  `file_ktp` varchar(255) DEFAULT NULL,
  `file_domisili` varchar(255) DEFAULT NULL,
  `file_kk` varchar(255) DEFAULT NULL,
  `file_ijasah` varchar(255) DEFAULT NULL,
  `photo` varchar(255) DEFAULT NULL,
  `file_vaksin` varchar(255) DEFAULT NULL,
  `alternatif_kejuruan` varchar(255) DEFAULT NULL,
  `persetujuan` varchar(255) DEFAULT NULL,
  `status` tinyint(3) UNSIGNED DEFAULT NULL,
  `created_at` timestamp NULL DEFAULT NULL,
  `updated_at` timestamp NULL DEFAULT NULL
) ENGINE=InnoDB DEFAULT CHARSET=utf8mb4 COLLATE=utf8mb4_unicode_ci;

--
-- Dumping data for table `peserta_pelatihan`
--

INSERT INTO `peserta_pelatihan` (`id`, `email`, `id_jurusan`, `id_gelombang`, `info_pelatihan`, `ss_instagram`, `nama_lengkap`, `nik`, `kartu_keluarga`, `jenis_kelamin`, `tempat_lahir`, `tanggal_lahir`, `nomor_hp`, `disabilitas`, `pendidikan_terakhir`, `nama_sekolah`, `kejuruan`, `aktivitas_saat_ini`, `rumah_susun`, `alamat_rumah`, `rt`, `rw`, `kelurahan`, `kecamatan`, `kota_madya`, `file_ktp`, `file_domisili`, `file_kk`, `file_ijasah`, `photo`, `file_vaksin`, `alternatif_kejuruan`, `persetujuan`, `status`, `created_at`, `updated_at`) VALUES
(267, 'wanuvyl@mailinator.com', 11, 4, '[\"instagram\",\"website\",\"musrembang\"]', 'uploads/peserta1/Alibaba Account.PNG', 'Dolorem nesciunt ei', 'Non quae voluptate e', 'Quo optio aute sit', 'laki-laki', 'Iste voluptate nisi', '1979-04-26', 'Dignissimos commodo', 'ya', 'D3', 'Soluta fugiat incid', 'Est quae dolor volu', 'cari_kerja', 'ya', 'Excepturi nostrum ma', 'Ipsum in mollitia te', 'Necessitatibus ipsam', 'Tempor harum volupta', 'Ea molestiae dolores', 'jakarta_pusat', 'uploads/peserta1/KTP Meidhika Nawa Sapta.jpg', 'uploads/peserta1/Alibaba Account.PNG', 'uploads/peserta1/Alibaba Account.PNG', 'uploads/peserta1/Alibaba Account.PNG', 'uploads/peserta1/Alibaba Account.PNG', 'uploads/peserta1/Alibaba Account.PNG', '[\"Bahasa Korea\",\"Barista\",\"Make Up Artist\",\"Operator Komputer\",\"Otomotif Sepedah Motor\",\"Tata Graha\",\"Teknik Pendingin\",\"Video Editor\"]', 'setuju', 0, '2024-09-14 06:31:08', '2024-09-16 00:54:58'),
(268, 'mafywabeh@mailinator.com', 15, 4, '[\"website\",\"teman\"]', 'uploads/peserta268/6.PNG', 'Voluptas blanditiis', 'Earum aliqua Doloru', 'Quod sit minim culp', 'perempuan', 'Id cumque ipsa ita', '1993-01-24', 'Cupiditate consequat', 'ya', 'SMA', 'Adipisci pariatur D', 'Quas facere sunt ape', 'sekolah', 'tidak', 'Sint explicabo Temp', 'Autem minus pariatur', 'Culpa sit error seq', 'Lorem voluptatem Nam', 'Laudantium sunt cup', 'jakarta_selatan', 'uploads/peserta268/KTP Meidhika Nawa Sapta.jpg', 'uploads/peserta268/Alibaba Sertifikat.PNG', 'uploads/peserta268/Alibaba Sertifikat.PNG', 'uploads/peserta268/Alibaba Sertifikat.PNG', 'uploads/peserta268/Alibaba Sertifikat.PNG', 'uploads/peserta268/2.PNG', '[\"Bahasa Korea\",\"Barista\",\"Content Creator\",\"Jaringan Komputer\",\"Tata Busana\",\"Teknik Pendingin\",\"Video Editor\",\"Web Programming\"]', 'setuju', 0, '2024-09-14 06:32:46', '2024-09-16 00:54:58'),
(269, 'gumowux@mailinator.com', 8, 4, '[\"website\",\"teman\"]', 'uploads/peserta269/1.PNG', 'Sit est commodo in001', 'Perspiciatis volupt', 'Blanditiis corporis', 'laki-laki', 'Est do eiusmod et te', '2009-11-02', 'Ipsa duis esse maio', 'ya', 'SD', 'Quis dolore dolore a', 'Ea expedita id sint', 'bekerja_malam', 'tidak', 'Veritatis modi conse', 'Esse elit maiores v', 'Quos non aliquam ea', 'Sequi in impedit su', 'Aut temporibus id e', 'jakarta_barat', 'uploads/peserta269/2.PNG', 'uploads/peserta269/3.PNG', 'uploads/peserta269/4.PNG', 'uploads/peserta269/5.PNG', 'uploads/peserta269/6.PNG', 'uploads/peserta269/7.PNG', '[\"Bahasa Inggris\",\"Bahasa Korea\",\"Barista\",\"Desain Grafis\",\"Teknik Komputer\",\"Web Programming\"]', 'setuju', 0, '2024-09-14 16:51:27', '2024-09-16 00:54:58'),
(270, 'rejax@mailinator.com', 16, 4, '[\"instagram\",\"website\",\"whatsapp\",\"musrembang\"]', 'uploads/peserta270/1.PNG', 'Consectetur adipisic', 'Ut laudantium elige', 'Nulla obcaecati arch', 'perempuan', 'Alias recusandae No', '2012-04-21', 'Sed quo incididunt m', 'ya', 'SD', 'Qui enim ipsum et ip', 'Aut odit est exercit', 'bekerja_malam', 'tidak', 'Qui assumenda ipsum', 'Alias assumenda et m', 'Dolorum laudantium', 'Unde praesentium min', 'Ex omnis est quis co', 'jakarta_selatan', 'uploads/peserta270/8.PNG', 'uploads/peserta270/9.PNG', 'uploads/peserta270/10.PNG', 'uploads/peserta270/11.PNG', 'uploads/peserta270/12.PNG', 'uploads/peserta270/21.PNG', '[\"Bahasa Inggris\",\"Bahasa Korea\",\"Barista\",\"Make Up Artist\",\"Tata Boga\",\"Video Editor\"]', 'setuju', 1, '2024-09-14 17:04:39', '2024-09-16 04:51:34'),
(271, 'shad.haley@example.net', 2, 4, '[\"teman\",\"instagram\"]', 'uploads/peserta1/Alibaba Account.PNG', 'Libby Bahringer', '123', '123', 'gender', 'Bandung', '1975-03-04', '12345', 'tidak', 'universitas', 'nama_sekolah', 'umum', 'sekolah', 'tidak', 'Surabaya', '1', '2', 'Yogyakarta', 'Bandung', 'Surabaya', 'uploads/peserta1/Alibaba Account.PNG', 'uploads/peserta1/Alibaba Account.PNG', 'uploads/peserta1/Alibaba Account.PNG', 'uploads/peserta1/Alibaba Account.PNG', 'uploads/peserta1/Alibaba Account.PNG', 'uploads/peserta1/Alibaba Account.PNG', '[\"website\",\"bing\"]', 'setuju', 0, '2024-09-14 17:09:39', '2024-09-16 00:54:58'),
(272, 'kkiehn@example.com', 2, 4, '[\"teman\",\"instagram\"]', 'uploads/peserta1/Alibaba Account.PNG', 'Alysson Satterfield', '123', '123', 'gender', 'Yogyakarta', '1996-01-11', '12345', 'tidak', 'universitas', 'nama_sekolah', 'umum', 'sekolah', 'tidak', 'Yogyakarta', '1', '2', 'Jakarta', 'Jakarta', 'Surabaya', 'uploads/peserta1/Alibaba Account.PNG', 'uploads/peserta1/Alibaba Account.PNG', 'uploads/peserta1/Alibaba Account.PNG', 'uploads/peserta1/Alibaba Account.PNG', 'uploads/peserta1/Alibaba Account.PNG', 'uploads/peserta1/Alibaba Account.PNG', '[\"website\",\"bing\"]', 'setuju', 0, '2024-09-14 17:09:39', '2024-09-16 00:54:58'),
(273, 'dovie44@example.org', 2, 4, '[\"teman\",\"instagram\"]', 'uploads/peserta1/Alibaba Account.PNG', 'Deshaun Legros', '123', '123', 'gender', 'Surabaya', '2004-05-19', '12345', 'tidak', 'universitas', 'nama_sekolah', 'umum', 'sekolah', 'tidak', 'Surabaya', '1', '2', 'Jakarta', 'Bandung', 'Jakarta', 'uploads/peserta1/Alibaba Account.PNG', 'uploads/peserta1/Alibaba Account.PNG', 'uploads/peserta1/Alibaba Account.PNG', 'uploads/peserta1/Alibaba Account.PNG', 'uploads/peserta1/Alibaba Account.PNG', 'uploads/peserta1/Alibaba Account.PNG', '[\"website\",\"bing\"]', 'setuju', 0, '2024-09-14 17:09:39', '2024-09-16 00:54:58'),
(274, 'ezequiel.mosciski@example.org', 2, 4, '[\"teman\",\"instagram\"]', 'uploads/peserta1/Alibaba Account.PNG', 'Mrs. Amina Howe', '123', '123', 'gender', 'Medan', '2007-01-27', '12345', 'tidak', 'universitas', 'nama_sekolah', 'umum', 'sekolah', 'tidak', 'Medan', '1', '2', 'Bandung', 'Bandung', 'Jakarta', 'uploads/peserta1/Alibaba Account.PNG', 'uploads/peserta1/Alibaba Account.PNG', 'uploads/peserta1/Alibaba Account.PNG', 'uploads/peserta1/Alibaba Account.PNG', 'uploads/peserta1/Alibaba Account.PNG', 'uploads/peserta1/Alibaba Account.PNG', '[\"website\",\"bing\"]', 'setuju', 0, '2024-09-14 17:09:39', '2024-09-16 00:54:58'),
(275, 'moshe55@example.com', 2, 4, '[\"teman\",\"instagram\"]', 'uploads/peserta1/Alibaba Account.PNG', 'Gaetano Kerluke', '123', '123', 'gender', 'Surabaya', '1973-02-18', '12345', 'tidak', 'universitas', 'nama_sekolah', 'umum', 'sekolah', 'tidak', 'Yogyakarta', '1', '2', 'Yogyakarta', 'Bandung', 'Yogyakarta', 'uploads/peserta1/Alibaba Account.PNG', 'uploads/peserta1/Alibaba Account.PNG', 'uploads/peserta1/Alibaba Account.PNG', 'uploads/peserta1/Alibaba Account.PNG', 'uploads/peserta1/Alibaba Account.PNG', 'uploads/peserta1/Alibaba Account.PNG', '[\"website\",\"bing\"]', 'setuju', 0, '2024-09-14 17:09:39', '2024-09-16 00:54:58'),
(276, 'mcdermott.margarett@example.org', 2, 4, '[\"teman\",\"instagram\"]', 'uploads/peserta1/Alibaba Account.PNG', 'Ms. Aliya Dibbert DDS', '123', '123', 'gender', 'Bandung', '1980-01-06', '12345', 'tidak', 'universitas', 'nama_sekolah', 'umum', 'sekolah', 'tidak', 'Surabaya', '1', '2', 'Bandung', 'Medan', 'Yogyakarta', 'uploads/peserta1/Alibaba Account.PNG', 'uploads/peserta1/Alibaba Account.PNG', 'uploads/peserta1/Alibaba Account.PNG', 'uploads/peserta1/Alibaba Account.PNG', 'uploads/peserta1/Alibaba Account.PNG', 'uploads/peserta1/Alibaba Account.PNG', '[\"website\",\"bing\"]', 'setuju', 0, '2024-09-14 17:09:39', '2024-09-16 00:54:58'),
(277, 'audrey30@example.org', 2, 4, '[\"teman\",\"instagram\"]', 'uploads/peserta1/Alibaba Account.PNG', 'Lizeth Sawayn', '123', '123', 'gender', 'Jakarta', '1970-03-04', '12345', 'tidak', 'universitas', 'nama_sekolah', 'umum', 'sekolah', 'tidak', 'Yogyakarta', '1', '2', 'Surabaya', 'Surabaya', 'Jakarta', 'uploads/peserta1/Alibaba Account.PNG', 'uploads/peserta1/Alibaba Account.PNG', 'uploads/peserta1/Alibaba Account.PNG', 'uploads/peserta1/Alibaba Account.PNG', 'uploads/peserta1/Alibaba Account.PNG', 'uploads/peserta1/Alibaba Account.PNG', '[\"website\",\"bing\"]', 'setuju', 0, '2024-09-14 17:09:39', '2024-09-16 00:54:58'),
(278, 'anthony.renner@example.com', 2, 4, '[\"teman\",\"instagram\"]', 'uploads/peserta1/Alibaba Account.PNG', 'Elyssa Hansen', '123', '123', 'gender', 'Bandung', '2020-05-14', '12345', 'tidak', 'universitas', 'nama_sekolah', 'umum', 'sekolah', 'tidak', 'Bandung', '1', '2', 'Medan', 'Jakarta', 'Surabaya', 'uploads/peserta1/Alibaba Account.PNG', 'uploads/peserta1/Alibaba Account.PNG', 'uploads/peserta1/Alibaba Account.PNG', 'uploads/peserta1/Alibaba Account.PNG', 'uploads/peserta1/Alibaba Account.PNG', 'uploads/peserta1/Alibaba Account.PNG', '[\"website\",\"bing\"]', 'setuju', 0, '2024-09-14 17:09:39', '2024-09-16 00:54:58'),
(279, 'renee.von@example.org', 2, 4, '[\"teman\",\"instagram\"]', 'uploads/peserta1/Alibaba Account.PNG', 'April Mayert', '123', '123', 'gender', 'Surabaya', '2014-08-28', '12345', 'tidak', 'universitas', 'nama_sekolah', 'umum', 'sekolah', 'tidak', 'Medan', '1', '2', 'Yogyakarta', 'Surabaya', 'Yogyakarta', 'uploads/peserta1/Alibaba Account.PNG', 'uploads/peserta1/Alibaba Account.PNG', 'uploads/peserta1/Alibaba Account.PNG', 'uploads/peserta1/Alibaba Account.PNG', 'uploads/peserta1/Alibaba Account.PNG', 'uploads/peserta1/Alibaba Account.PNG', '[\"website\",\"bing\"]', 'setuju', 0, '2024-09-14 17:09:39', '2024-09-16 00:54:58'),
(280, 'arvid.stiedemann@example.com', 2, 4, '[\"teman\",\"instagram\"]', 'uploads/peserta1/Alibaba Account.PNG', 'Dr. Anahi Goodwin', '123', '123', 'gender', 'Surabaya', '1993-09-10', '12345', 'tidak', 'universitas', 'nama_sekolah', 'umum', 'sekolah', 'tidak', 'Surabaya', '1', '2', 'Jakarta', 'Jakarta', 'Jakarta', 'uploads/peserta1/Alibaba Account.PNG', 'uploads/peserta1/Alibaba Account.PNG', 'uploads/peserta1/Alibaba Account.PNG', 'uploads/peserta1/Alibaba Account.PNG', 'uploads/peserta1/Alibaba Account.PNG', 'uploads/peserta1/Alibaba Account.PNG', '[\"website\",\"bing\"]', 'setuju', 0, '2024-09-14 17:09:39', '2024-09-16 00:54:58'),
(281, 'donnie.streich@example.org', 3, 4, '[\"teman\",\"instagram\"]', 'uploads/peserta1/Alibaba Account.PNG', 'Miss Rosalee Larkin DVM', '123', '123', 'gender', 'Surabaya', '1985-08-13', '12345', 'tidak', 'universitas', 'nama_sekolah', 'umum', 'sekolah', 'tidak', 'Medan', '1', '2', 'Jakarta', 'Yogyakarta', 'Bandung', 'uploads/peserta1/Alibaba Account.PNG', 'uploads/peserta1/Alibaba Account.PNG', 'uploads/peserta1/Alibaba Account.PNG', 'uploads/peserta1/Alibaba Account.PNG', 'uploads/peserta1/Alibaba Account.PNG', 'uploads/peserta1/Alibaba Account.PNG', '[\"website\",\"bing\"]', 'setuju', 0, '2024-09-14 17:09:56', '2024-09-16 00:54:58'),
(282, 'heidi40@example.com', 3, 4, '[\"teman\",\"instagram\"]', 'uploads/peserta1/Alibaba Account.PNG', 'Mrs. Alexandria Roberts', '123', '123', 'gender', 'Yogyakarta', '1993-04-06', '12345', 'tidak', 'universitas', 'nama_sekolah', 'umum', 'sekolah', 'tidak', 'Medan', '1', '2', 'Medan', 'Jakarta', 'Yogyakarta', 'uploads/peserta1/Alibaba Account.PNG', 'uploads/peserta1/Alibaba Account.PNG', 'uploads/peserta1/Alibaba Account.PNG', 'uploads/peserta1/Alibaba Account.PNG', 'uploads/peserta1/Alibaba Account.PNG', 'uploads/peserta1/Alibaba Account.PNG', '[\"website\",\"bing\"]', 'setuju', 0, '2024-09-14 17:09:56', '2024-09-16 00:54:58'),
(283, 'perry.jacobi@example.com', 3, 4, '[\"teman\",\"instagram\"]', 'uploads/peserta1/Alibaba Account.PNG', 'Miss Vida Zemlak III', '123', '123', 'gender', 'Surabaya', '1978-05-16', '12345', 'tidak', 'universitas', 'nama_sekolah', 'umum', 'sekolah', 'tidak', 'Medan', '1', '2', 'Surabaya', 'Medan', 'Medan', 'uploads/peserta1/Alibaba Account.PNG', 'uploads/peserta1/Alibaba Account.PNG', 'uploads/peserta1/Alibaba Account.PNG', 'uploads/peserta1/Alibaba Account.PNG', 'uploads/peserta1/Alibaba Account.PNG', 'uploads/peserta1/Alibaba Account.PNG', '[\"website\",\"bing\"]', 'setuju', 0, '2024-09-14 17:09:56', '2024-09-16 00:54:58'),
(284, 'betsy20@example.net', 3, 4, '[\"teman\",\"instagram\"]', 'uploads/peserta1/Alibaba Account.PNG', 'Jadon Howe', '123', '123', 'gender', 'Jakarta', '1993-02-20', '12345', 'tidak', 'universitas', 'nama_sekolah', 'umum', 'sekolah', 'tidak', 'Bandung', '1', '2', 'Yogyakarta', 'Surabaya', 'Medan', 'uploads/peserta1/Alibaba Account.PNG', 'uploads/peserta1/Alibaba Account.PNG', 'uploads/peserta1/Alibaba Account.PNG', 'uploads/peserta1/Alibaba Account.PNG', 'uploads/peserta1/Alibaba Account.PNG', 'uploads/peserta1/Alibaba Account.PNG', '[\"website\",\"bing\"]', 'setuju', 0, '2024-09-14 17:09:56', '2024-09-16 00:54:58'),
(285, 'mills.davonte@example.com', 3, 4, '[\"teman\",\"instagram\"]', 'uploads/peserta1/Alibaba Account.PNG', 'Murphy Monahan', '123', '123', 'gender', 'Bandung', '1989-08-04', '12345', 'tidak', 'universitas', 'nama_sekolah', 'umum', 'sekolah', 'tidak', 'Bandung', '1', '2', 'Yogyakarta', 'Medan', 'Yogyakarta', 'uploads/peserta1/Alibaba Account.PNG', 'uploads/peserta1/Alibaba Account.PNG', 'uploads/peserta1/Alibaba Account.PNG', 'uploads/peserta1/Alibaba Account.PNG', 'uploads/peserta1/Alibaba Account.PNG', 'uploads/peserta1/Alibaba Account.PNG', '[\"website\",\"bing\"]', 'setuju', 0, '2024-09-14 17:09:56', '2024-09-16 00:54:58'),
(286, 'daugherty.sherman@example.net', 3, 4, '[\"teman\",\"instagram\"]', 'uploads/peserta1/Alibaba Account.PNG', 'Leonora Boehm', '123', '123', 'gender', 'Surabaya', '1985-11-18', '12345', 'tidak', 'universitas', 'nama_sekolah', 'umum', 'sekolah', 'tidak', 'Surabaya', '1', '2', 'Bandung', 'Yogyakarta', 'Surabaya', 'uploads/peserta1/Alibaba Account.PNG', 'uploads/peserta1/Alibaba Account.PNG', 'uploads/peserta1/Alibaba Account.PNG', 'uploads/peserta1/Alibaba Account.PNG', 'uploads/peserta1/Alibaba Account.PNG', 'uploads/peserta1/Alibaba Account.PNG', '[\"website\",\"bing\"]', 'setuju', 0, '2024-09-14 17:09:56', '2024-09-16 00:54:58'),
(287, 'stoltenberg.vidal@example.net', 3, 4, '[\"teman\",\"instagram\"]', 'uploads/peserta1/Alibaba Account.PNG', 'Betsy Lesch', '123', '123', 'gender', 'Surabaya', '2010-06-15', '12345', 'tidak', 'universitas', 'nama_sekolah', 'umum', 'sekolah', 'tidak', 'Medan', '1', '2', 'Surabaya', 'Yogyakarta', 'Bandung', 'uploads/peserta1/Alibaba Account.PNG', 'uploads/peserta1/Alibaba Account.PNG', 'uploads/peserta1/Alibaba Account.PNG', 'uploads/peserta1/Alibaba Account.PNG', 'uploads/peserta1/Alibaba Account.PNG', 'uploads/peserta1/Alibaba Account.PNG', '[\"website\",\"bing\"]', 'setuju', 0, '2024-09-14 17:09:56', '2024-09-16 00:54:58'),
(288, 'ubednar@example.org', 3, 4, '[\"teman\",\"instagram\"]', 'uploads/peserta1/Alibaba Account.PNG', 'Mr. Wendell Deckow', '123', '123', 'gender', 'Medan', '1994-11-20', '12345', 'tidak', 'universitas', 'nama_sekolah', 'umum', 'sekolah', 'tidak', 'Medan', '1', '2', 'Bandung', 'Medan', 'Yogyakarta', 'uploads/peserta1/Alibaba Account.PNG', 'uploads/peserta1/Alibaba Account.PNG', 'uploads/peserta1/Alibaba Account.PNG', 'uploads/peserta1/Alibaba Account.PNG', 'uploads/peserta1/Alibaba Account.PNG', 'uploads/peserta1/Alibaba Account.PNG', '[\"website\",\"bing\"]', 'setuju', 0, '2024-09-14 17:09:56', '2024-09-16 00:54:58'),
(289, 'fkoss@example.com', 3, 4, '[\"teman\",\"instagram\"]', 'uploads/peserta1/Alibaba Account.PNG', 'Esmeralda Cruickshank', '123', '123', 'gender', 'Bandung', '1986-04-07', '12345', 'tidak', 'universitas', 'nama_sekolah', 'umum', 'sekolah', 'tidak', 'Bandung', '1', '2', 'Yogyakarta', 'Bandung', 'Jakarta', 'uploads/peserta1/Alibaba Account.PNG', 'uploads/peserta1/Alibaba Account.PNG', 'uploads/peserta1/Alibaba Account.PNG', 'uploads/peserta1/Alibaba Account.PNG', 'uploads/peserta1/Alibaba Account.PNG', 'uploads/peserta1/Alibaba Account.PNG', '[\"website\",\"bing\"]', 'setuju', 0, '2024-09-14 17:09:56', '2024-09-16 00:54:58'),
(290, 'jaime25@example.com', 3, 4, '[\"teman\",\"instagram\"]', 'uploads/peserta1/Alibaba Account.PNG', 'Christop Littel V', '123', '123', 'gender', 'Medan', '2001-04-18', '12345', 'tidak', 'universitas', 'nama_sekolah', 'umum', 'sekolah', 'tidak', 'Bandung', '1', '2', 'Jakarta', 'Yogyakarta', 'Bandung', 'uploads/peserta1/Alibaba Account.PNG', 'uploads/peserta1/Alibaba Account.PNG', 'uploads/peserta1/Alibaba Account.PNG', 'uploads/peserta1/Alibaba Account.PNG', 'uploads/peserta1/Alibaba Account.PNG', 'uploads/peserta1/Alibaba Account.PNG', '[\"website\",\"bing\"]', 'setuju', 0, '2024-09-14 17:09:56', '2024-09-16 00:54:58'),
(291, 'elwin59@example.org', 3, 4, '[\"teman\",\"instagram\"]', 'uploads/peserta1/Alibaba Account.PNG', 'Prof. Jonatan Jacobi', '123', '123', 'gender', 'Bandung', '2014-02-17', '12345', 'tidak', 'universitas', 'nama_sekolah', 'umum', 'sekolah', 'tidak', 'Medan', '1', '2', 'Medan', 'Yogyakarta', 'Jakarta', 'uploads/peserta1/Alibaba Account.PNG', 'uploads/peserta1/Alibaba Account.PNG', 'uploads/peserta1/Alibaba Account.PNG', 'uploads/peserta1/Alibaba Account.PNG', 'uploads/peserta1/Alibaba Account.PNG', 'uploads/peserta1/Alibaba Account.PNG', '[\"website\",\"bing\"]', 'setuju', 0, '2024-09-14 17:09:56', '2024-09-16 00:54:58'),
(292, 'timothy90@example.org', 3, 4, '[\"teman\",\"instagram\"]', 'uploads/peserta1/Alibaba Account.PNG', 'Shea Quitzon', '123', '123', 'gender', 'Yogyakarta', '2004-01-06', '12345', 'tidak', 'universitas', 'nama_sekolah', 'umum', 'sekolah', 'tidak', 'Bandung', '1', '2', 'Bandung', 'Yogyakarta', 'Surabaya', 'uploads/peserta1/Alibaba Account.PNG', 'uploads/peserta1/Alibaba Account.PNG', 'uploads/peserta1/Alibaba Account.PNG', 'uploads/peserta1/Alibaba Account.PNG', 'uploads/peserta1/Alibaba Account.PNG', 'uploads/peserta1/Alibaba Account.PNG', '[\"website\",\"bing\"]', 'setuju', 0, '2024-09-14 17:09:56', '2024-09-16 00:54:58'),
(293, 'wilkinson.eleanore@example.com', 3, 4, '[\"teman\",\"instagram\"]', 'uploads/peserta1/Alibaba Account.PNG', 'Freida Daugherty Sr.', '123', '123', 'gender', 'Surabaya', '2014-05-04', '12345', 'tidak', 'universitas', 'nama_sekolah', 'umum', 'sekolah', 'tidak', 'Yogyakarta', '1', '2', 'Medan', 'Bandung', 'Yogyakarta', 'uploads/peserta1/Alibaba Account.PNG', 'uploads/peserta1/Alibaba Account.PNG', 'uploads/peserta1/Alibaba Account.PNG', 'uploads/peserta1/Alibaba Account.PNG', 'uploads/peserta1/Alibaba Account.PNG', 'uploads/peserta1/Alibaba Account.PNG', '[\"website\",\"bing\"]', 'setuju', 0, '2024-09-14 17:09:56', '2024-09-16 00:54:58'),
(294, 'xolson@example.com', 3, 4, '[\"teman\",\"instagram\"]', 'uploads/peserta1/Alibaba Account.PNG', 'Dr. Ali Hansen', '123', '123', 'gender', 'Yogyakarta', '1990-07-15', '12345', 'tidak', 'universitas', 'nama_sekolah', 'umum', 'sekolah', 'tidak', 'Jakarta', '1', '2', 'Yogyakarta', 'Yogyakarta', 'Bandung', 'uploads/peserta1/Alibaba Account.PNG', 'uploads/peserta1/Alibaba Account.PNG', 'uploads/peserta1/Alibaba Account.PNG', 'uploads/peserta1/Alibaba Account.PNG', 'uploads/peserta1/Alibaba Account.PNG', 'uploads/peserta1/Alibaba Account.PNG', '[\"website\",\"bing\"]', 'setuju', 0, '2024-09-14 17:09:56', '2024-09-16 00:54:58'),
(295, 'adrienne.mayer@example.org', 3, 4, '[\"teman\",\"instagram\"]', 'uploads/peserta1/Alibaba Account.PNG', 'Kristoffer Labadie PhD', '123', '123', 'gender', 'Medan', '2013-03-22', '12345', 'tidak', 'universitas', 'nama_sekolah', 'umum', 'sekolah', 'tidak', 'Medan', '1', '2', 'Surabaya', 'Yogyakarta', 'Surabaya', 'uploads/peserta1/Alibaba Account.PNG', 'uploads/peserta1/Alibaba Account.PNG', 'uploads/peserta1/Alibaba Account.PNG', 'uploads/peserta1/Alibaba Account.PNG', 'uploads/peserta1/Alibaba Account.PNG', 'uploads/peserta1/Alibaba Account.PNG', '[\"website\",\"bing\"]', 'setuju', 0, '2024-09-14 17:09:56', '2024-09-16 00:54:58'),
(296, 'anjali32@example.com', 4, 4, '[\"teman\",\"instagram\"]', 'uploads/peserta1/Alibaba Account.PNG', 'Mr. Makenna Price V', '123', '123', 'gender', 'Jakarta', '2004-05-09', '12345', 'tidak', 'universitas', 'nama_sekolah', 'umum', 'sekolah', 'tidak', 'Medan', '1', '2', 'Yogyakarta', 'Medan', 'Bandung', 'uploads/peserta1/Alibaba Account.PNG', 'uploads/peserta1/Alibaba Account.PNG', 'uploads/peserta1/Alibaba Account.PNG', 'uploads/peserta1/Alibaba Account.PNG', 'uploads/peserta1/Alibaba Account.PNG', 'uploads/peserta1/Alibaba Account.PNG', '[\"website\",\"bing\"]', 'setuju', 0, '2024-09-14 17:10:07', '2024-09-16 00:54:58'),
(297, 'avery39@example.org', 4, 4, '[\"teman\",\"instagram\"]', 'uploads/peserta1/Alibaba Account.PNG', 'Mr. Devan Hermann', '123', '123', 'gender', 'Yogyakarta', '2010-04-08', '12345', 'tidak', 'universitas', 'nama_sekolah', 'umum', 'sekolah', 'tidak', 'Medan', '1', '2', 'Medan', 'Medan', 'Surabaya', 'uploads/peserta1/Alibaba Account.PNG', 'uploads/peserta1/Alibaba Account.PNG', 'uploads/peserta1/Alibaba Account.PNG', 'uploads/peserta1/Alibaba Account.PNG', 'uploads/peserta1/Alibaba Account.PNG', 'uploads/peserta1/Alibaba Account.PNG', '[\"website\",\"bing\"]', 'setuju', 0, '2024-09-14 17:10:07', '2024-09-16 00:54:58'),
(298, 'foster.metz@example.com', 4, 4, '[\"teman\",\"instagram\"]', 'uploads/peserta1/Alibaba Account.PNG', 'Ofelia Collier', '123', '123', 'gender', 'Surabaya', '2023-04-08', '12345', 'tidak', 'universitas', 'nama_sekolah', 'umum', 'sekolah', 'tidak', 'Bandung', '1', '2', 'Jakarta', 'Surabaya', 'Jakarta', 'uploads/peserta1/Alibaba Account.PNG', 'uploads/peserta1/Alibaba Account.PNG', 'uploads/peserta1/Alibaba Account.PNG', 'uploads/peserta1/Alibaba Account.PNG', 'uploads/peserta1/Alibaba Account.PNG', 'uploads/peserta1/Alibaba Account.PNG', '[\"website\",\"bing\"]', 'setuju', 0, '2024-09-14 17:10:07', '2024-09-16 00:54:58'),
(299, 'margarete.nitzsche@example.com', 4, 4, '[\"teman\",\"instagram\"]', 'uploads/peserta1/Alibaba Account.PNG', 'Tyler Howell', '123', '123', 'gender', 'Yogyakarta', '2017-05-21', '12345', 'tidak', 'universitas', 'nama_sekolah', 'umum', 'sekolah', 'tidak', 'Jakarta', '1', '2', 'Jakarta', 'Surabaya', 'Yogyakarta', 'uploads/peserta1/Alibaba Account.PNG', 'uploads/peserta1/Alibaba Account.PNG', 'uploads/peserta1/Alibaba Account.PNG', 'uploads/peserta1/Alibaba Account.PNG', 'uploads/peserta1/Alibaba Account.PNG', 'uploads/peserta1/Alibaba Account.PNG', '[\"website\",\"bing\"]', 'setuju', 0, '2024-09-14 17:10:07', '2024-09-16 00:54:58'),
(300, 'kdare@example.com', 4, 4, '[\"teman\",\"instagram\"]', 'uploads/peserta1/Alibaba Account.PNG', 'Dr. Arjun Rowe DDS', '123', '123', 'gender', 'Medan', '1979-05-17', '12345', 'tidak', 'universitas', 'nama_sekolah', 'umum', 'sekolah', 'tidak', 'Surabaya', '1', '2', 'Medan', 'Yogyakarta', 'Surabaya', 'uploads/peserta1/Alibaba Account.PNG', 'uploads/peserta1/Alibaba Account.PNG', 'uploads/peserta1/Alibaba Account.PNG', 'uploads/peserta1/Alibaba Account.PNG', 'uploads/peserta1/Alibaba Account.PNG', 'uploads/peserta1/Alibaba Account.PNG', '[\"website\",\"bing\"]', 'setuju', 0, '2024-09-14 17:10:07', '2024-09-16 00:54:58'),
(301, 'doyle.predovic@example.net', 4, 4, '[\"teman\",\"instagram\"]', 'uploads/peserta1/Alibaba Account.PNG', 'Annamae Ledner', '123', '123', 'gender', 'Yogyakarta', '1970-01-03', '12345', 'tidak', 'universitas', 'nama_sekolah', 'umum', 'sekolah', 'tidak', 'Bandung', '1', '2', 'Surabaya', 'Jakarta', 'Jakarta', 'uploads/peserta1/Alibaba Account.PNG', 'uploads/peserta1/Alibaba Account.PNG', 'uploads/peserta1/Alibaba Account.PNG', 'uploads/peserta1/Alibaba Account.PNG', 'uploads/peserta1/Alibaba Account.PNG', 'uploads/peserta1/Alibaba Account.PNG', '[\"website\",\"bing\"]', 'setuju', 0, '2024-09-14 17:10:07', '2024-09-16 00:54:58'),
(302, 'etha.kerluke@example.org', 4, 4, '[\"teman\",\"instagram\"]', 'uploads/peserta1/Alibaba Account.PNG', 'Dr. Diamond Witting V', '123', '123', 'gender', 'Surabaya', '2016-07-17', '12345', 'tidak', 'universitas', 'nama_sekolah', 'umum', 'sekolah', 'tidak', 'Surabaya', '1', '2', 'Jakarta', 'Yogyakarta', 'Surabaya', 'uploads/peserta1/Alibaba Account.PNG', 'uploads/peserta1/Alibaba Account.PNG', 'uploads/peserta1/Alibaba Account.PNG', 'uploads/peserta1/Alibaba Account.PNG', 'uploads/peserta1/Alibaba Account.PNG', 'uploads/peserta1/Alibaba Account.PNG', '[\"website\",\"bing\"]', 'setuju', 0, '2024-09-14 17:10:07', '2024-09-16 00:54:58'),
(303, 'madaline04@example.net', 4, 4, '[\"teman\",\"instagram\"]', 'uploads/peserta1/Alibaba Account.PNG', 'Keshaun Jaskolski', '123', '123', 'gender', 'Yogyakarta', '2000-02-08', '12345', 'tidak', 'universitas', 'nama_sekolah', 'umum', 'sekolah', 'tidak', 'Surabaya', '1', '2', 'Jakarta', 'Jakarta', 'Bandung', 'uploads/peserta1/Alibaba Account.PNG', 'uploads/peserta1/Alibaba Account.PNG', 'uploads/peserta1/Alibaba Account.PNG', 'uploads/peserta1/Alibaba Account.PNG', 'uploads/peserta1/Alibaba Account.PNG', 'uploads/peserta1/Alibaba Account.PNG', '[\"website\",\"bing\"]', 'setuju', 0, '2024-09-14 17:10:07', '2024-09-16 00:54:58'),
(304, 'rohan.luther@example.net', 4, 4, '[\"teman\",\"instagram\"]', 'uploads/peserta1/Alibaba Account.PNG', 'Karlie Jakubowski', '123', '123', 'gender', 'Jakarta', '1997-10-27', '12345', 'tidak', 'universitas', 'nama_sekolah', 'umum', 'sekolah', 'tidak', 'Surabaya', '1', '2', 'Jakarta', 'Jakarta', 'Yogyakarta', 'uploads/peserta1/Alibaba Account.PNG', 'uploads/peserta1/Alibaba Account.PNG', 'uploads/peserta1/Alibaba Account.PNG', 'uploads/peserta1/Alibaba Account.PNG', 'uploads/peserta1/Alibaba Account.PNG', 'uploads/peserta1/Alibaba Account.PNG', '[\"website\",\"bing\"]', 'setuju', 0, '2024-09-14 17:10:07', '2024-09-16 00:54:58'),
(305, 'audreanne.little@example.org', 4, 4, '[\"teman\",\"instagram\"]', 'uploads/peserta1/Alibaba Account.PNG', 'Ruby Beahan', '123', '123', 'gender', 'Yogyakarta', '2018-08-21', '12345', 'tidak', 'universitas', 'nama_sekolah', 'umum', 'sekolah', 'tidak', 'Medan', '1', '2', 'Yogyakarta', 'Yogyakarta', 'Bandung', 'uploads/peserta1/Alibaba Account.PNG', 'uploads/peserta1/Alibaba Account.PNG', 'uploads/peserta1/Alibaba Account.PNG', 'uploads/peserta1/Alibaba Account.PNG', 'uploads/peserta1/Alibaba Account.PNG', 'uploads/peserta1/Alibaba Account.PNG', '[\"website\",\"bing\"]', 'setuju', 0, '2024-09-14 17:10:07', '2024-09-16 00:54:58'),
(306, 'erempel@example.net', 4, 4, '[\"teman\",\"instagram\"]', 'uploads/peserta1/Alibaba Account.PNG', 'Miss Krystina Windler', '123', '123', 'gender', 'Medan', '1999-06-15', '12345', 'tidak', 'universitas', 'nama_sekolah', 'umum', 'sekolah', 'tidak', 'Bandung', '1', '2', 'Jakarta', 'Medan', 'Surabaya', 'uploads/peserta1/Alibaba Account.PNG', 'uploads/peserta1/Alibaba Account.PNG', 'uploads/peserta1/Alibaba Account.PNG', 'uploads/peserta1/Alibaba Account.PNG', 'uploads/peserta1/Alibaba Account.PNG', 'uploads/peserta1/Alibaba Account.PNG', '[\"website\",\"bing\"]', 'setuju', 0, '2024-09-14 17:10:07', '2024-09-16 00:54:58'),
(307, 'lfahey@example.com', 4, 4, '[\"teman\",\"instagram\"]', 'uploads/peserta1/Alibaba Account.PNG', 'Miss Karianne Ankunding', '123', '123', 'gender', 'Medan', '2002-04-07', '12345', 'tidak', 'universitas', 'nama_sekolah', 'umum', 'sekolah', 'tidak', 'Yogyakarta', '1', '2', 'Surabaya', 'Yogyakarta', 'Medan', 'uploads/peserta1/Alibaba Account.PNG', 'uploads/peserta1/Alibaba Account.PNG', 'uploads/peserta1/Alibaba Account.PNG', 'uploads/peserta1/Alibaba Account.PNG', 'uploads/peserta1/Alibaba Account.PNG', 'uploads/peserta1/Alibaba Account.PNG', '[\"website\",\"bing\"]', 'setuju', 0, '2024-09-14 17:10:07', '2024-09-16 00:54:58'),
(308, 'susie85@example.net', 4, 4, '[\"teman\",\"instagram\"]', 'uploads/peserta1/Alibaba Account.PNG', 'Clyde Blick', '123', '123', 'gender', 'Medan', '2015-03-14', '12345', 'tidak', 'universitas', 'nama_sekolah', 'umum', 'sekolah', 'tidak', 'Bandung', '1', '2', 'Medan', 'Bandung', 'Jakarta', 'uploads/peserta1/Alibaba Account.PNG', 'uploads/peserta1/Alibaba Account.PNG', 'uploads/peserta1/Alibaba Account.PNG', 'uploads/peserta1/Alibaba Account.PNG', 'uploads/peserta1/Alibaba Account.PNG', 'uploads/peserta1/Alibaba Account.PNG', '[\"website\",\"bing\"]', 'setuju', 0, '2024-09-14 17:10:07', '2024-09-16 00:54:58'),
(309, 'jermain.lind@example.net', 4, 4, '[\"teman\",\"instagram\"]', 'uploads/peserta1/Alibaba Account.PNG', 'Prof. Diana Ernser I', '123', '123', 'gender', 'Bandung', '2012-10-05', '12345', 'tidak', 'universitas', 'nama_sekolah', 'umum', 'sekolah', 'tidak', 'Jakarta', '1', '2', 'Medan', 'Surabaya', 'Yogyakarta', 'uploads/peserta1/Alibaba Account.PNG', 'uploads/peserta1/Alibaba Account.PNG', 'uploads/peserta1/Alibaba Account.PNG', 'uploads/peserta1/Alibaba Account.PNG', 'uploads/peserta1/Alibaba Account.PNG', 'uploads/peserta1/Alibaba Account.PNG', '[\"website\",\"bing\"]', 'setuju', 0, '2024-09-14 17:10:07', '2024-09-16 00:54:58'),
(310, 'psauer@example.com', 4, 4, '[\"teman\",\"instagram\"]', 'uploads/peserta1/Alibaba Account.PNG', 'Rory Wisozk', '123', '123', 'gender', 'Yogyakarta', '2003-08-14', '12345', 'tidak', 'universitas', 'nama_sekolah', 'umum', 'sekolah', 'tidak', 'Surabaya', '1', '2', 'Jakarta', 'Bandung', 'Yogyakarta', 'uploads/peserta1/Alibaba Account.PNG', 'uploads/peserta1/Alibaba Account.PNG', 'uploads/peserta1/Alibaba Account.PNG', 'uploads/peserta1/Alibaba Account.PNG', 'uploads/peserta1/Alibaba Account.PNG', 'uploads/peserta1/Alibaba Account.PNG', '[\"website\",\"bing\"]', 'setuju', 0, '2024-09-14 17:10:07', '2024-09-16 00:54:58'),
(311, 'izabella42@example.org', 4, 4, '[\"teman\",\"instagram\"]', 'uploads/peserta1/Alibaba Account.PNG', 'Georgette Stanton Jr.', '123', '123', 'gender', 'Bandung', '2006-09-19', '12345', 'tidak', 'universitas', 'nama_sekolah', 'umum', 'sekolah', 'tidak', 'Jakarta', '1', '2', 'Bandung', 'Surabaya', 'Yogyakarta', 'uploads/peserta1/Alibaba Account.PNG', 'uploads/peserta1/Alibaba Account.PNG', 'uploads/peserta1/Alibaba Account.PNG', 'uploads/peserta1/Alibaba Account.PNG', 'uploads/peserta1/Alibaba Account.PNG', 'uploads/peserta1/Alibaba Account.PNG', '[\"website\",\"bing\"]', 'setuju', 0, '2024-09-14 17:10:07', '2024-09-16 00:54:58'),
(312, 'mcglynn.wilson@example.com', 4, 4, '[\"teman\",\"instagram\"]', 'uploads/peserta1/Alibaba Account.PNG', 'Beth Hettinger', '123', '123', 'gender', 'Jakarta', '2001-01-23', '12345', 'tidak', 'universitas', 'nama_sekolah', 'umum', 'sekolah', 'tidak', 'Bandung', '1', '2', 'Medan', 'Medan', 'Bandung', 'uploads/peserta1/Alibaba Account.PNG', 'uploads/peserta1/Alibaba Account.PNG', 'uploads/peserta1/Alibaba Account.PNG', 'uploads/peserta1/Alibaba Account.PNG', 'uploads/peserta1/Alibaba Account.PNG', 'uploads/peserta1/Alibaba Account.PNG', '[\"website\",\"bing\"]', 'setuju', 0, '2024-09-14 17:10:07', '2024-09-16 00:54:58'),
(313, 'morissette.alaina@example.com', 4, 4, '[\"teman\",\"instagram\"]', 'uploads/peserta1/Alibaba Account.PNG', 'Kiera Breitenberg', '123', '123', 'gender', 'Jakarta', '1987-05-15', '12345', 'tidak', 'universitas', 'nama_sekolah', 'umum', 'sekolah', 'tidak', 'Surabaya', '1', '2', 'Jakarta', 'Yogyakarta', 'Yogyakarta', 'uploads/peserta1/Alibaba Account.PNG', 'uploads/peserta1/Alibaba Account.PNG', 'uploads/peserta1/Alibaba Account.PNG', 'uploads/peserta1/Alibaba Account.PNG', 'uploads/peserta1/Alibaba Account.PNG', 'uploads/peserta1/Alibaba Account.PNG', '[\"website\",\"bing\"]', 'setuju', 0, '2024-09-14 17:10:07', '2024-09-16 00:54:58'),
(314, 'alexandrine.dach@example.com', 4, 4, '[\"teman\",\"instagram\"]', 'uploads/peserta1/Alibaba Account.PNG', 'Keven Gutkowski', '123', '123', 'gender', 'Jakarta', '2011-06-11', '12345', 'tidak', 'universitas', 'nama_sekolah', 'umum', 'sekolah', 'tidak', 'Medan', '1', '2', 'Bandung', 'Jakarta', 'Surabaya', 'uploads/peserta1/Alibaba Account.PNG', 'uploads/peserta1/Alibaba Account.PNG', 'uploads/peserta1/Alibaba Account.PNG', 'uploads/peserta1/Alibaba Account.PNG', 'uploads/peserta1/Alibaba Account.PNG', 'uploads/peserta1/Alibaba Account.PNG', '[\"website\",\"bing\"]', 'setuju', 0, '2024-09-14 17:10:07', '2024-09-16 00:54:58'),
(315, 'ramona.luettgen@example.com', 4, 4, '[\"teman\",\"instagram\"]', 'uploads/peserta1/Alibaba Account.PNG', 'Elizabeth Trantow', '123', '123', 'gender', 'Surabaya', '2012-01-29', '12345', 'tidak', 'universitas', 'nama_sekolah', 'umum', 'sekolah', 'tidak', 'Jakarta', '1', '2', 'Yogyakarta', 'Bandung', 'Medan', 'uploads/peserta1/Alibaba Account.PNG', 'uploads/peserta1/Alibaba Account.PNG', 'uploads/peserta1/Alibaba Account.PNG', 'uploads/peserta1/Alibaba Account.PNG', 'uploads/peserta1/Alibaba Account.PNG', 'uploads/peserta1/Alibaba Account.PNG', '[\"website\",\"bing\"]', 'setuju', 0, '2024-09-14 17:10:07', '2024-09-16 00:54:58'),
(316, 'bparker@example.net', 5, 4, '[\"teman\",\"instagram\"]', 'uploads/peserta1/Alibaba Account.PNG', 'Mossie Predovic', '123', '123', 'gender', 'Yogyakarta', '2012-03-30', '12345', 'tidak', 'universitas', 'nama_sekolah', 'umum', 'sekolah', 'tidak', 'Jakarta', '1', '2', 'Yogyakarta', 'Surabaya', 'Bandung', 'uploads/peserta1/Alibaba Account.PNG', 'uploads/peserta1/Alibaba Account.PNG', 'uploads/peserta1/Alibaba Account.PNG', 'uploads/peserta1/Alibaba Account.PNG', 'uploads/peserta1/Alibaba Account.PNG', 'uploads/peserta1/Alibaba Account.PNG', '[\"website\",\"bing\"]', 'setuju', 0, '2024-09-14 17:10:19', '2024-09-16 00:54:58'),
(317, 'lparisian@example.org', 5, 4, '[\"teman\",\"instagram\"]', 'uploads/peserta1/Alibaba Account.PNG', 'Mr. Denis Hermann', '123', '123', 'gender', 'Medan', '1984-10-03', '12345', 'tidak', 'universitas', 'nama_sekolah', 'umum', 'sekolah', 'tidak', 'Medan', '1', '2', 'Bandung', 'Medan', 'Bandung', 'uploads/peserta1/Alibaba Account.PNG', 'uploads/peserta1/Alibaba Account.PNG', 'uploads/peserta1/Alibaba Account.PNG', 'uploads/peserta1/Alibaba Account.PNG', 'uploads/peserta1/Alibaba Account.PNG', 'uploads/peserta1/Alibaba Account.PNG', '[\"website\",\"bing\"]', 'setuju', 0, '2024-09-14 17:10:19', '2024-09-16 00:54:58'),
(318, 'harber.oswald@example.com', 5, 4, '[\"teman\",\"instagram\"]', 'uploads/peserta1/Alibaba Account.PNG', 'Favian Mayert', '123', '123', 'gender', 'Surabaya', '1980-10-28', '12345', 'tidak', 'universitas', 'nama_sekolah', 'umum', 'sekolah', 'tidak', 'Jakarta', '1', '2', 'Surabaya', 'Medan', 'Bandung', 'uploads/peserta1/Alibaba Account.PNG', 'uploads/peserta1/Alibaba Account.PNG', 'uploads/peserta1/Alibaba Account.PNG', 'uploads/peserta1/Alibaba Account.PNG', 'uploads/peserta1/Alibaba Account.PNG', 'uploads/peserta1/Alibaba Account.PNG', '[\"website\",\"bing\"]', 'setuju', 0, '2024-09-14 17:10:19', '2024-09-16 00:54:58'),
(319, 'lavonne.mccullough@example.com', 5, 4, '[\"teman\",\"instagram\"]', 'uploads/peserta1/Alibaba Account.PNG', 'Dr. Roberta Haley', '123', '123', 'gender', 'Jakarta', '1990-07-31', '12345', 'tidak', 'universitas', 'nama_sekolah', 'umum', 'sekolah', 'tidak', 'Medan', '1', '2', 'Yogyakarta', 'Surabaya', 'Bandung', 'uploads/peserta1/Alibaba Account.PNG', 'uploads/peserta1/Alibaba Account.PNG', 'uploads/peserta1/Alibaba Account.PNG', 'uploads/peserta1/Alibaba Account.PNG', 'uploads/peserta1/Alibaba Account.PNG', 'uploads/peserta1/Alibaba Account.PNG', '[\"website\",\"bing\"]', 'setuju', 0, '2024-09-14 17:10:19', '2024-09-16 00:54:58'),
(320, 'krystal.turcotte@example.org', 5, 4, '[\"teman\",\"instagram\"]', 'uploads/peserta1/Alibaba Account.PNG', 'Henderson Braun', '123', '123', 'gender', 'Yogyakarta', '2014-07-20', '12345', 'tidak', 'universitas', 'nama_sekolah', 'umum', 'sekolah', 'tidak', 'Yogyakarta', '1', '2', 'Medan', 'Jakarta', 'Jakarta', 'uploads/peserta1/Alibaba Account.PNG', 'uploads/peserta1/Alibaba Account.PNG', 'uploads/peserta1/Alibaba Account.PNG', 'uploads/peserta1/Alibaba Account.PNG', 'uploads/peserta1/Alibaba Account.PNG', 'uploads/peserta1/Alibaba Account.PNG', '[\"website\",\"bing\"]', 'setuju', 0, '2024-09-14 17:10:19', '2024-09-16 00:54:58'),
(321, 'boyle.tamia@example.com', 6, 4, '[\"teman\",\"instagram\"]', 'uploads/peserta1/Alibaba Account.PNG', 'Prof. Vito Homenick', '123', '123', 'gender', 'Jakarta', '1997-07-21', '12345', 'tidak', 'universitas', 'nama_sekolah', 'umum', 'sekolah', 'tidak', 'Surabaya', '1', '2', 'Medan', 'Bandung', 'Yogyakarta', 'uploads/peserta1/Alibaba Account.PNG', 'uploads/peserta1/Alibaba Account.PNG', 'uploads/peserta1/Alibaba Account.PNG', 'uploads/peserta1/Alibaba Account.PNG', 'uploads/peserta1/Alibaba Account.PNG', 'uploads/peserta1/Alibaba Account.PNG', '[\"website\",\"bing\"]', 'setuju', 0, '2024-09-14 17:10:44', '2024-09-16 00:54:58'),
(322, 'labadie.neha@example.net', 6, 4, '[\"teman\",\"instagram\"]', 'uploads/peserta1/Alibaba Account.PNG', 'Percy Tillman', '123', '123', 'gender', 'Bandung', '1992-08-21', '12345', 'tidak', 'universitas', 'nama_sekolah', 'umum', 'sekolah', 'tidak', 'Yogyakarta', '1', '2', 'Bandung', 'Jakarta', 'Bandung', 'uploads/peserta1/Alibaba Account.PNG', 'uploads/peserta1/Alibaba Account.PNG', 'uploads/peserta1/Alibaba Account.PNG', 'uploads/peserta1/Alibaba Account.PNG', 'uploads/peserta1/Alibaba Account.PNG', 'uploads/peserta1/Alibaba Account.PNG', '[\"website\",\"bing\"]', 'setuju', 0, '2024-09-14 17:10:44', '2024-09-16 00:54:58'),
(323, 'kelly.leannon@example.net', 6, 4, '[\"teman\",\"instagram\"]', 'uploads/peserta1/Alibaba Account.PNG', 'Willie Schmidt Jr.', '123', '123', 'gender', 'Medan', '1984-10-13', '12345', 'tidak', 'universitas', 'nama_sekolah', 'umum', 'sekolah', 'tidak', 'Surabaya', '1', '2', 'Medan', 'Medan', 'Surabaya', 'uploads/peserta1/Alibaba Account.PNG', 'uploads/peserta1/Alibaba Account.PNG', 'uploads/peserta1/Alibaba Account.PNG', 'uploads/peserta1/Alibaba Account.PNG', 'uploads/peserta1/Alibaba Account.PNG', 'uploads/peserta1/Alibaba Account.PNG', '[\"website\",\"bing\"]', 'setuju', 0, '2024-09-14 17:10:44', '2024-09-16 00:54:58'),
(324, 'thomas10@example.com', 6, 4, '[\"teman\",\"instagram\"]', 'uploads/peserta1/Alibaba Account.PNG', 'Alphonso Koch', '123', '123', 'gender', 'Yogyakarta', '2023-03-17', '12345', 'tidak', 'universitas', 'nama_sekolah', 'umum', 'sekolah', 'tidak', 'Medan', '1', '2', 'Bandung', 'Medan', 'Surabaya', 'uploads/peserta1/Alibaba Account.PNG', 'uploads/peserta1/Alibaba Account.PNG', 'uploads/peserta1/Alibaba Account.PNG', 'uploads/peserta1/Alibaba Account.PNG', 'uploads/peserta1/Alibaba Account.PNG', 'uploads/peserta1/Alibaba Account.PNG', '[\"website\",\"bing\"]', 'setuju', 0, '2024-09-14 17:10:44', '2024-09-16 00:54:58'),
(325, 'angel.mayer@example.com', 6, 4, '[\"teman\",\"instagram\"]', 'uploads/peserta1/Alibaba Account.PNG', 'Ronny Deckow', '123', '123', 'gender', 'Medan', '1977-12-22', '12345', 'tidak', 'universitas', 'nama_sekolah', 'umum', 'sekolah', 'tidak', 'Yogyakarta', '1', '2', 'Medan', 'Medan', 'Jakarta', 'uploads/peserta1/Alibaba Account.PNG', 'uploads/peserta1/Alibaba Account.PNG', 'uploads/peserta1/Alibaba Account.PNG', 'uploads/peserta1/Alibaba Account.PNG', 'uploads/peserta1/Alibaba Account.PNG', 'uploads/peserta1/Alibaba Account.PNG', '[\"website\",\"bing\"]', 'setuju', 0, '2024-09-14 17:10:44', '2024-09-16 00:54:58'),
(326, 'mario79@example.org', 6, 4, '[\"teman\",\"instagram\"]', 'uploads/peserta1/Alibaba Account.PNG', 'Alden Weber', '123', '123', 'gender', 'Bandung', '2004-03-04', '12345', 'tidak', 'universitas', 'nama_sekolah', 'umum', 'sekolah', 'tidak', 'Surabaya', '1', '2', 'Medan', 'Jakarta', 'Medan', 'uploads/peserta1/Alibaba Account.PNG', 'uploads/peserta1/Alibaba Account.PNG', 'uploads/peserta1/Alibaba Account.PNG', 'uploads/peserta1/Alibaba Account.PNG', 'uploads/peserta1/Alibaba Account.PNG', 'uploads/peserta1/Alibaba Account.PNG', '[\"website\",\"bing\"]', 'setuju', 0, '2024-09-14 17:10:44', '2024-09-16 00:54:58'),
(327, 'msatterfield@example.net', 6, 4, '[\"teman\",\"instagram\"]', 'uploads/peserta1/Alibaba Account.PNG', 'Isac Adams', '123', '123', 'gender', 'Bandung', '2005-12-04', '12345', 'tidak', 'universitas', 'nama_sekolah', 'umum', 'sekolah', 'tidak', 'Yogyakarta', '1', '2', 'Yogyakarta', 'Yogyakarta', 'Bandung', 'uploads/peserta1/Alibaba Account.PNG', 'uploads/peserta1/Alibaba Account.PNG', 'uploads/peserta1/Alibaba Account.PNG', 'uploads/peserta1/Alibaba Account.PNG', 'uploads/peserta1/Alibaba Account.PNG', 'uploads/peserta1/Alibaba Account.PNG', '[\"website\",\"bing\"]', 'setuju', 0, '2024-09-14 17:10:44', '2024-09-16 00:54:58'),
(328, 'triston.aufderhar@example.org', 6, 4, '[\"teman\",\"instagram\"]', 'uploads/peserta1/Alibaba Account.PNG', 'Reed Hudson', '123', '123', 'gender', 'Bandung', '1975-04-17', '12345', 'tidak', 'universitas', 'nama_sekolah', 'umum', 'sekolah', 'tidak', 'Jakarta', '1', '2', 'Yogyakarta', 'Surabaya', 'Bandung', 'uploads/peserta1/Alibaba Account.PNG', 'uploads/peserta1/Alibaba Account.PNG', 'uploads/peserta1/Alibaba Account.PNG', 'uploads/peserta1/Alibaba Account.PNG', 'uploads/peserta1/Alibaba Account.PNG', 'uploads/peserta1/Alibaba Account.PNG', '[\"website\",\"bing\"]', 'setuju', 0, '2024-09-14 17:10:44', '2024-09-16 00:54:58'),
(329, 'aracely.pfeffer@example.com', 6, 4, '[\"teman\",\"instagram\"]', 'uploads/peserta1/Alibaba Account.PNG', 'Mrs. Melody Renner IV', '123', '123', 'gender', 'Bandung', '1970-03-05', '12345', 'tidak', 'universitas', 'nama_sekolah', 'umum', 'sekolah', 'tidak', 'Medan', '1', '2', 'Bandung', 'Surabaya', 'Yogyakarta', 'uploads/peserta1/Alibaba Account.PNG', 'uploads/peserta1/Alibaba Account.PNG', 'uploads/peserta1/Alibaba Account.PNG', 'uploads/peserta1/Alibaba Account.PNG', 'uploads/peserta1/Alibaba Account.PNG', 'uploads/peserta1/Alibaba Account.PNG', '[\"website\",\"bing\"]', 'setuju', 0, '2024-09-14 17:10:44', '2024-09-16 00:54:58'),
(330, 'donna57@example.com', 6, 4, '[\"teman\",\"instagram\"]', 'uploads/peserta1/Alibaba Account.PNG', 'Porter Effertz', '123', '123', 'gender', 'Jakarta', '2010-06-13', '12345', 'tidak', 'universitas', 'nama_sekolah', 'umum', 'sekolah', 'tidak', 'Yogyakarta', '1', '2', 'Medan', 'Jakarta', 'Surabaya', 'uploads/peserta1/Alibaba Account.PNG', 'uploads/peserta1/Alibaba Account.PNG', 'uploads/peserta1/Alibaba Account.PNG', 'uploads/peserta1/Alibaba Account.PNG', 'uploads/peserta1/Alibaba Account.PNG', 'uploads/peserta1/Alibaba Account.PNG', '[\"website\",\"bing\"]', 'setuju', 0, '2024-09-14 17:10:44', '2024-09-16 00:54:58'),
(331, 'lavonne51@example.net', 7, 4, '[\"teman\",\"instagram\"]', 'uploads/peserta1/Alibaba Account.PNG', 'Mr. Dimitri Turner', '123', '123', 'gender', 'Bandung', '2010-11-30', '12345', 'tidak', 'universitas', 'nama_sekolah', 'umum', 'sekolah', 'tidak', 'Medan', '1', '2', 'Jakarta', 'Jakarta', 'Jakarta', 'uploads/peserta1/Alibaba Account.PNG', 'uploads/peserta1/Alibaba Account.PNG', 'uploads/peserta1/Alibaba Account.PNG', 'uploads/peserta1/Alibaba Account.PNG', 'uploads/peserta1/Alibaba Account.PNG', 'uploads/peserta1/Alibaba Account.PNG', '[\"website\",\"bing\"]', 'setuju', 0, '2024-09-14 17:10:59', '2024-09-16 00:54:58'),
(332, 'carter.cecil@example.com', 7, 4, '[\"teman\",\"instagram\"]', 'uploads/peserta1/Alibaba Account.PNG', 'Breanne Farrell DDS', '123', '123', 'gender', 'Surabaya', '2019-08-16', '12345', 'tidak', 'universitas', 'nama_sekolah', 'umum', 'sekolah', 'tidak', 'Bandung', '1', '2', 'Medan', 'Surabaya', 'Surabaya', 'uploads/peserta1/Alibaba Account.PNG', 'uploads/peserta1/Alibaba Account.PNG', 'uploads/peserta1/Alibaba Account.PNG', 'uploads/peserta1/Alibaba Account.PNG', 'uploads/peserta1/Alibaba Account.PNG', 'uploads/peserta1/Alibaba Account.PNG', '[\"website\",\"bing\"]', 'setuju', 0, '2024-09-14 17:10:59', '2024-09-16 00:54:58'),
(333, 'baumbach.bernard@example.com', 7, 4, '[\"teman\",\"instagram\"]', 'uploads/peserta1/Alibaba Account.PNG', 'Kendrick Pagac', '123', '123', 'gender', 'Surabaya', '1979-06-01', '12345', 'tidak', 'universitas', 'nama_sekolah', 'umum', 'sekolah', 'tidak', 'Surabaya', '1', '2', 'Surabaya', 'Yogyakarta', 'Surabaya', 'uploads/peserta1/Alibaba Account.PNG', 'uploads/peserta1/Alibaba Account.PNG', 'uploads/peserta1/Alibaba Account.PNG', 'uploads/peserta1/Alibaba Account.PNG', 'uploads/peserta1/Alibaba Account.PNG', 'uploads/peserta1/Alibaba Account.PNG', '[\"website\",\"bing\"]', 'setuju', 0, '2024-09-14 17:10:59', '2024-09-16 00:54:58'),
(334, 'ohara.abelardo@example.org', 7, 4, '[\"teman\",\"instagram\"]', 'uploads/peserta1/Alibaba Account.PNG', 'Prof. Josefina West V', '123', '123', 'gender', 'Surabaya', '1985-12-02', '12345', 'tidak', 'universitas', 'nama_sekolah', 'umum', 'sekolah', 'tidak', 'Yogyakarta', '1', '2', 'Yogyakarta', 'Yogyakarta', 'Yogyakarta', 'uploads/peserta1/Alibaba Account.PNG', 'uploads/peserta1/Alibaba Account.PNG', 'uploads/peserta1/Alibaba Account.PNG', 'uploads/peserta1/Alibaba Account.PNG', 'uploads/peserta1/Alibaba Account.PNG', 'uploads/peserta1/Alibaba Account.PNG', '[\"website\",\"bing\"]', 'setuju', 0, '2024-09-14 17:10:59', '2024-09-16 00:54:58'),
(335, 'timothy.weber@example.net', 7, 4, '[\"teman\",\"instagram\"]', 'uploads/peserta1/Alibaba Account.PNG', 'Nellie Roberts PhD', '123', '123', 'gender', 'Bandung', '1993-04-17', '12345', 'tidak', 'universitas', 'nama_sekolah', 'umum', 'sekolah', 'tidak', 'Jakarta', '1', '2', 'Jakarta', 'Jakarta', 'Surabaya', 'uploads/peserta1/Alibaba Account.PNG', 'uploads/peserta1/Alibaba Account.PNG', 'uploads/peserta1/Alibaba Account.PNG', 'uploads/peserta1/Alibaba Account.PNG', 'uploads/peserta1/Alibaba Account.PNG', 'uploads/peserta1/Alibaba Account.PNG', '[\"website\",\"bing\"]', 'setuju', 0, '2024-09-14 17:10:59', '2024-09-16 00:54:58'),
(336, 'evan35@example.org', 7, 4, '[\"teman\",\"instagram\"]', 'uploads/peserta1/Alibaba Account.PNG', 'Prof. Marcos Schimmel III', '123', '123', 'gender', 'Jakarta', '1981-07-29', '12345', 'tidak', 'universitas', 'nama_sekolah', 'umum', 'sekolah', 'tidak', 'Medan', '1', '2', 'Jakarta', 'Medan', 'Bandung', 'uploads/peserta1/Alibaba Account.PNG', 'uploads/peserta1/Alibaba Account.PNG', 'uploads/peserta1/Alibaba Account.PNG', 'uploads/peserta1/Alibaba Account.PNG', 'uploads/peserta1/Alibaba Account.PNG', 'uploads/peserta1/Alibaba Account.PNG', '[\"website\",\"bing\"]', 'setuju', 0, '2024-09-14 17:10:59', '2024-09-16 00:54:58'),
(337, 'crona.jarrell@example.com', 7, 4, '[\"teman\",\"instagram\"]', 'uploads/peserta1/Alibaba Account.PNG', 'Kelli O\'Kon', '123', '123', 'gender', 'Yogyakarta', '1983-04-13', '12345', 'tidak', 'universitas', 'nama_sekolah', 'umum', 'sekolah', 'tidak', 'Yogyakarta', '1', '2', 'Yogyakarta', 'Bandung', 'Bandung', 'uploads/peserta1/Alibaba Account.PNG', 'uploads/peserta1/Alibaba Account.PNG', 'uploads/peserta1/Alibaba Account.PNG', 'uploads/peserta1/Alibaba Account.PNG', 'uploads/peserta1/Alibaba Account.PNG', 'uploads/peserta1/Alibaba Account.PNG', '[\"website\",\"bing\"]', 'setuju', 0, '2024-09-14 17:10:59', '2024-09-16 00:54:58'),
(338, 'ayana.brakus@example.org', 7, 4, '[\"teman\",\"instagram\"]', 'uploads/peserta1/Alibaba Account.PNG', 'Graham Graham', '123', '123', 'gender', 'Bandung', '2023-07-20', '12345', 'tidak', 'universitas', 'nama_sekolah', 'umum', 'sekolah', 'tidak', 'Bandung', '1', '2', 'Surabaya', 'Medan', 'Surabaya', 'uploads/peserta1/Alibaba Account.PNG', 'uploads/peserta1/Alibaba Account.PNG', 'uploads/peserta1/Alibaba Account.PNG', 'uploads/peserta1/Alibaba Account.PNG', 'uploads/peserta1/Alibaba Account.PNG', 'uploads/peserta1/Alibaba Account.PNG', '[\"website\",\"bing\"]', 'setuju', 0, '2024-09-14 17:10:59', '2024-09-16 00:54:58'),
(339, 'michelle45@example.org', 7, 4, '[\"teman\",\"instagram\"]', 'uploads/peserta1/Alibaba Account.PNG', 'Kellen Schaden', '123', '123', 'gender', 'Yogyakarta', '1983-11-01', '12345', 'tidak', 'universitas', 'nama_sekolah', 'umum', 'sekolah', 'tidak', 'Yogyakarta', '1', '2', 'Medan', 'Yogyakarta', 'Surabaya', 'uploads/peserta1/Alibaba Account.PNG', 'uploads/peserta1/Alibaba Account.PNG', 'uploads/peserta1/Alibaba Account.PNG', 'uploads/peserta1/Alibaba Account.PNG', 'uploads/peserta1/Alibaba Account.PNG', 'uploads/peserta1/Alibaba Account.PNG', '[\"website\",\"bing\"]', 'setuju', 0, '2024-09-14 17:10:59', '2024-09-16 00:54:58'),
(340, 'qrussel@example.net', 7, 4, '[\"teman\",\"instagram\"]', 'uploads/peserta1/Alibaba Account.PNG', 'Prof. Dolly Towne', '123', '123', 'gender', 'Medan', '1998-07-26', '12345', 'tidak', 'universitas', 'nama_sekolah', 'umum', 'sekolah', 'tidak', 'Surabaya', '1', '2', 'Medan', 'Surabaya', 'Yogyakarta', 'uploads/peserta1/Alibaba Account.PNG', 'uploads/peserta1/Alibaba Account.PNG', 'uploads/peserta1/Alibaba Account.PNG', 'uploads/peserta1/Alibaba Account.PNG', 'uploads/peserta1/Alibaba Account.PNG', 'uploads/peserta1/Alibaba Account.PNG', '[\"website\",\"bing\"]', 'setuju', 0, '2024-09-14 17:10:59', '2024-09-16 00:54:58'),
(341, 'stefan74@example.org', 7, 4, '[\"teman\",\"instagram\"]', 'uploads/peserta1/Alibaba Account.PNG', 'Mrs. Eloisa Wehner PhD', '123', '123', 'gender', 'Jakarta', '2006-04-03', '12345', 'tidak', 'universitas', 'nama_sekolah', 'umum', 'sekolah', 'tidak', 'Yogyakarta', '1', '2', 'Surabaya', 'Bandung', 'Medan', 'uploads/peserta1/Alibaba Account.PNG', 'uploads/peserta1/Alibaba Account.PNG', 'uploads/peserta1/Alibaba Account.PNG', 'uploads/peserta1/Alibaba Account.PNG', 'uploads/peserta1/Alibaba Account.PNG', 'uploads/peserta1/Alibaba Account.PNG', '[\"website\",\"bing\"]', 'setuju', 0, '2024-09-14 17:10:59', '2024-09-16 00:54:58'),
(342, 'weston.cormier@example.org', 7, 4, '[\"teman\",\"instagram\"]', 'uploads/peserta1/Alibaba Account.PNG', 'Mr. Winfield Jacobi DVM', '123', '123', 'gender', 'Bandung', '1992-11-13', '12345', 'tidak', 'universitas', 'nama_sekolah', 'umum', 'sekolah', 'tidak', 'Yogyakarta', '1', '2', 'Bandung', 'Surabaya', 'Medan', 'uploads/peserta1/Alibaba Account.PNG', 'uploads/peserta1/Alibaba Account.PNG', 'uploads/peserta1/Alibaba Account.PNG', 'uploads/peserta1/Alibaba Account.PNG', 'uploads/peserta1/Alibaba Account.PNG', 'uploads/peserta1/Alibaba Account.PNG', '[\"website\",\"bing\"]', 'setuju', 0, '2024-09-14 17:10:59', '2024-09-16 00:54:58');
INSERT INTO `peserta_pelatihan` (`id`, `email`, `id_jurusan`, `id_gelombang`, `info_pelatihan`, `ss_instagram`, `nama_lengkap`, `nik`, `kartu_keluarga`, `jenis_kelamin`, `tempat_lahir`, `tanggal_lahir`, `nomor_hp`, `disabilitas`, `pendidikan_terakhir`, `nama_sekolah`, `kejuruan`, `aktivitas_saat_ini`, `rumah_susun`, `alamat_rumah`, `rt`, `rw`, `kelurahan`, `kecamatan`, `kota_madya`, `file_ktp`, `file_domisili`, `file_kk`, `file_ijasah`, `photo`, `file_vaksin`, `alternatif_kejuruan`, `persetujuan`, `status`, `created_at`, `updated_at`) VALUES
(343, 'gerald92@example.org', 7, 4, '[\"teman\",\"instagram\"]', 'uploads/peserta1/Alibaba Account.PNG', 'Prof. Wilhelm Zboncak', '123', '123', 'gender', 'Surabaya', '1974-06-02', '12345', 'tidak', 'universitas', 'nama_sekolah', 'umum', 'sekolah', 'tidak', 'Yogyakarta', '1', '2', 'Jakarta', 'Yogyakarta', 'Bandung', 'uploads/peserta1/Alibaba Account.PNG', 'uploads/peserta1/Alibaba Account.PNG', 'uploads/peserta1/Alibaba Account.PNG', 'uploads/peserta1/Alibaba Account.PNG', 'uploads/peserta1/Alibaba Account.PNG', 'uploads/peserta1/Alibaba Account.PNG', '[\"website\",\"bing\"]', 'setuju', 0, '2024-09-14 17:10:59', '2024-09-16 00:54:58'),
(344, 'mellie.bernier@example.org', 7, 4, '[\"teman\",\"instagram\"]', 'uploads/peserta1/Alibaba Account.PNG', 'Mikel Marks', '123', '123', 'gender', 'Surabaya', '1997-05-07', '12345', 'tidak', 'universitas', 'nama_sekolah', 'umum', 'sekolah', 'tidak', 'Bandung', '1', '2', 'Surabaya', 'Yogyakarta', 'Surabaya', 'uploads/peserta1/Alibaba Account.PNG', 'uploads/peserta1/Alibaba Account.PNG', 'uploads/peserta1/Alibaba Account.PNG', 'uploads/peserta1/Alibaba Account.PNG', 'uploads/peserta1/Alibaba Account.PNG', 'uploads/peserta1/Alibaba Account.PNG', '[\"website\",\"bing\"]', 'setuju', 0, '2024-09-14 17:10:59', '2024-09-16 00:54:58'),
(345, 'feeney.grayson@example.com', 7, 4, '[\"teman\",\"instagram\"]', 'uploads/peserta1/Alibaba Account.PNG', 'Julio Barton', '123', '123', 'gender', 'Medan', '2009-12-12', '12345', 'tidak', 'universitas', 'nama_sekolah', 'umum', 'sekolah', 'tidak', 'Yogyakarta', '1', '2', 'Jakarta', 'Yogyakarta', 'Jakarta', 'uploads/peserta1/Alibaba Account.PNG', 'uploads/peserta1/Alibaba Account.PNG', 'uploads/peserta1/Alibaba Account.PNG', 'uploads/peserta1/Alibaba Account.PNG', 'uploads/peserta1/Alibaba Account.PNG', 'uploads/peserta1/Alibaba Account.PNG', '[\"website\",\"bing\"]', 'setuju', 0, '2024-09-14 17:10:59', '2024-09-16 00:54:58'),
(346, 'daisy.dare@example.net', 8, 4, '[\"teman\",\"instagram\"]', 'uploads/peserta1/Alibaba Account.PNG', 'Mrs. Prudence Torphy', '123', '123', 'gender', 'Bandung', '2018-12-16', '12345', 'tidak', 'universitas', 'nama_sekolah', 'umum', 'sekolah', 'tidak', 'Medan', '1', '2', 'Medan', 'Bandung', 'Bandung', 'uploads/peserta1/Alibaba Account.PNG', 'uploads/peserta1/Alibaba Account.PNG', 'uploads/peserta1/Alibaba Account.PNG', 'uploads/peserta1/Alibaba Account.PNG', 'uploads/peserta1/Alibaba Account.PNG', 'uploads/peserta1/Alibaba Account.PNG', '[\"website\",\"bing\"]', 'setuju', 0, '2024-09-14 17:11:11', '2024-09-16 00:54:58'),
(347, 'qcole@example.org', 8, 4, '[\"teman\",\"instagram\"]', 'uploads/peserta1/Alibaba Account.PNG', 'Lottie Johnston', '123', '123', 'gender', 'Jakarta', '1989-11-16', '12345', 'tidak', 'universitas', 'nama_sekolah', 'umum', 'sekolah', 'tidak', 'Yogyakarta', '1', '2', 'Medan', 'Medan', 'Medan', 'uploads/peserta1/Alibaba Account.PNG', 'uploads/peserta1/Alibaba Account.PNG', 'uploads/peserta1/Alibaba Account.PNG', 'uploads/peserta1/Alibaba Account.PNG', 'uploads/peserta1/Alibaba Account.PNG', 'uploads/peserta1/Alibaba Account.PNG', '[\"website\",\"bing\"]', 'setuju', 0, '2024-09-14 17:11:11', '2024-09-16 00:54:58'),
(348, 'goldner.gisselle@example.com', 8, 4, '[\"teman\",\"instagram\"]', 'uploads/peserta1/Alibaba Account.PNG', 'Mr. Elwyn Rempel DDS', '123', '123', 'gender', 'Surabaya', '1973-04-27', '12345', 'tidak', 'universitas', 'nama_sekolah', 'umum', 'sekolah', 'tidak', 'Bandung', '1', '2', 'Yogyakarta', 'Jakarta', 'Surabaya', 'uploads/peserta1/Alibaba Account.PNG', 'uploads/peserta1/Alibaba Account.PNG', 'uploads/peserta1/Alibaba Account.PNG', 'uploads/peserta1/Alibaba Account.PNG', 'uploads/peserta1/Alibaba Account.PNG', 'uploads/peserta1/Alibaba Account.PNG', '[\"website\",\"bing\"]', 'setuju', 0, '2024-09-14 17:11:11', '2024-09-16 00:54:58'),
(349, 'schultz.alexane@example.org', 8, 4, '[\"teman\",\"instagram\"]', 'uploads/peserta1/Alibaba Account.PNG', 'Elian Witting III', '123', '123', 'gender', 'Medan', '2014-02-16', '12345', 'tidak', 'universitas', 'nama_sekolah', 'umum', 'sekolah', 'tidak', 'Jakarta', '1', '2', 'Surabaya', 'Surabaya', 'Jakarta', 'uploads/peserta1/Alibaba Account.PNG', 'uploads/peserta1/Alibaba Account.PNG', 'uploads/peserta1/Alibaba Account.PNG', 'uploads/peserta1/Alibaba Account.PNG', 'uploads/peserta1/Alibaba Account.PNG', 'uploads/peserta1/Alibaba Account.PNG', '[\"website\",\"bing\"]', 'setuju', 0, '2024-09-14 17:11:11', '2024-09-16 00:54:58'),
(350, 'jessica.schuppe@example.com', 8, 4, '[\"teman\",\"instagram\"]', 'uploads/peserta1/Alibaba Account.PNG', 'Zechariah Rohan', '123', '123', 'gender', 'Bandung', '1996-07-07', '12345', 'tidak', 'universitas', 'nama_sekolah', 'umum', 'sekolah', 'tidak', 'Yogyakarta', '1', '2', 'Surabaya', 'Medan', 'Bandung', 'uploads/peserta1/Alibaba Account.PNG', 'uploads/peserta1/Alibaba Account.PNG', 'uploads/peserta1/Alibaba Account.PNG', 'uploads/peserta1/Alibaba Account.PNG', 'uploads/peserta1/Alibaba Account.PNG', 'uploads/peserta1/Alibaba Account.PNG', '[\"website\",\"bing\"]', 'setuju', 0, '2024-09-14 17:11:11', '2024-09-16 00:54:58'),
(351, 'jayce.cartwright@example.org', 8, 4, '[\"teman\",\"instagram\"]', 'uploads/peserta1/Alibaba Account.PNG', 'Conner Tremblay', '123', '123', 'gender', 'Bandung', '1972-01-08', '12345', 'tidak', 'universitas', 'nama_sekolah', 'umum', 'sekolah', 'tidak', 'Surabaya', '1', '2', 'Surabaya', 'Jakarta', 'Jakarta', 'uploads/peserta1/Alibaba Account.PNG', 'uploads/peserta1/Alibaba Account.PNG', 'uploads/peserta1/Alibaba Account.PNG', 'uploads/peserta1/Alibaba Account.PNG', 'uploads/peserta1/Alibaba Account.PNG', 'uploads/peserta1/Alibaba Account.PNG', '[\"website\",\"bing\"]', 'setuju', 0, '2024-09-14 17:11:11', '2024-09-16 00:54:58'),
(352, 'clint07@example.com', 8, 4, '[\"teman\",\"instagram\"]', 'uploads/peserta1/Alibaba Account.PNG', 'Maryse Wolff', '123', '123', 'gender', 'Yogyakarta', '1976-08-19', '12345', 'tidak', 'universitas', 'nama_sekolah', 'umum', 'sekolah', 'tidak', 'Bandung', '1', '2', 'Bandung', 'Yogyakarta', 'Yogyakarta', 'uploads/peserta1/Alibaba Account.PNG', 'uploads/peserta1/Alibaba Account.PNG', 'uploads/peserta1/Alibaba Account.PNG', 'uploads/peserta1/Alibaba Account.PNG', 'uploads/peserta1/Alibaba Account.PNG', 'uploads/peserta1/Alibaba Account.PNG', '[\"website\",\"bing\"]', 'setuju', 0, '2024-09-14 17:11:11', '2024-09-16 00:54:58'),
(353, 'keebler.mohammad@example.net', 8, 4, '[\"teman\",\"instagram\"]', 'uploads/peserta1/Alibaba Account.PNG', 'Kenton Wilkinson', '123', '123', 'gender', 'Jakarta', '2020-01-20', '12345', 'tidak', 'universitas', 'nama_sekolah', 'umum', 'sekolah', 'tidak', 'Jakarta', '1', '2', 'Medan', 'Medan', 'Surabaya', 'uploads/peserta1/Alibaba Account.PNG', 'uploads/peserta1/Alibaba Account.PNG', 'uploads/peserta1/Alibaba Account.PNG', 'uploads/peserta1/Alibaba Account.PNG', 'uploads/peserta1/Alibaba Account.PNG', 'uploads/peserta1/Alibaba Account.PNG', '[\"website\",\"bing\"]', 'setuju', 0, '2024-09-14 17:11:11', '2024-09-16 00:54:58'),
(354, 'rashad.cummings@example.com', 8, 4, '[\"teman\",\"instagram\"]', 'uploads/peserta1/Alibaba Account.PNG', 'Dr. Omer Kub', '123', '123', 'gender', 'Medan', '2018-01-11', '12345', 'tidak', 'universitas', 'nama_sekolah', 'umum', 'sekolah', 'tidak', 'Jakarta', '1', '2', 'Medan', 'Jakarta', 'Medan', 'uploads/peserta1/Alibaba Account.PNG', 'uploads/peserta1/Alibaba Account.PNG', 'uploads/peserta1/Alibaba Account.PNG', 'uploads/peserta1/Alibaba Account.PNG', 'uploads/peserta1/Alibaba Account.PNG', 'uploads/peserta1/Alibaba Account.PNG', '[\"website\",\"bing\"]', 'setuju', 0, '2024-09-14 17:11:11', '2024-09-16 00:54:58'),
(355, 'breitenberg.roger@example.com', 8, 4, '[\"teman\",\"instagram\"]', 'uploads/peserta1/Alibaba Account.PNG', 'Douglas Marks', '123', '123', 'gender', 'Yogyakarta', '1972-03-26', '12345', 'tidak', 'universitas', 'nama_sekolah', 'umum', 'sekolah', 'tidak', 'Medan', '1', '2', 'Bandung', 'Yogyakarta', 'Medan', 'uploads/peserta1/Alibaba Account.PNG', 'uploads/peserta1/Alibaba Account.PNG', 'uploads/peserta1/Alibaba Account.PNG', 'uploads/peserta1/Alibaba Account.PNG', 'uploads/peserta1/Alibaba Account.PNG', 'uploads/peserta1/Alibaba Account.PNG', '[\"website\",\"bing\"]', 'setuju', 0, '2024-09-14 17:11:11', '2024-09-16 00:54:58'),
(356, 'towne.kaycee@example.org', 8, 4, '[\"teman\",\"instagram\"]', 'uploads/peserta1/Alibaba Account.PNG', 'Stone Mitchell', '123', '123', 'gender', 'Surabaya', '1978-01-11', '12345', 'tidak', 'universitas', 'nama_sekolah', 'umum', 'sekolah', 'tidak', 'Medan', '1', '2', 'Bandung', 'Medan', 'Bandung', 'uploads/peserta1/Alibaba Account.PNG', 'uploads/peserta1/Alibaba Account.PNG', 'uploads/peserta1/Alibaba Account.PNG', 'uploads/peserta1/Alibaba Account.PNG', 'uploads/peserta1/Alibaba Account.PNG', 'uploads/peserta1/Alibaba Account.PNG', '[\"website\",\"bing\"]', 'setuju', 0, '2024-09-14 17:11:11', '2024-09-16 00:54:58'),
(357, 'daphney.hintz@example.net', 8, 4, '[\"teman\",\"instagram\"]', 'uploads/peserta1/Alibaba Account.PNG', 'Prof. June Gerlach PhD', '123', '123', 'gender', 'Yogyakarta', '2011-12-31', '12345', 'tidak', 'universitas', 'nama_sekolah', 'umum', 'sekolah', 'tidak', 'Medan', '1', '2', 'Jakarta', 'Medan', 'Yogyakarta', 'uploads/peserta1/Alibaba Account.PNG', 'uploads/peserta1/Alibaba Account.PNG', 'uploads/peserta1/Alibaba Account.PNG', 'uploads/peserta1/Alibaba Account.PNG', 'uploads/peserta1/Alibaba Account.PNG', 'uploads/peserta1/Alibaba Account.PNG', '[\"website\",\"bing\"]', 'setuju', 0, '2024-09-14 17:11:11', '2024-09-16 00:54:58'),
(358, 'cristina.rodriguez@example.net', 8, 4, '[\"teman\",\"instagram\"]', 'uploads/peserta1/Alibaba Account.PNG', 'Ashly Farrell', '123', '123', 'gender', 'Jakarta', '1972-01-23', '12345', 'tidak', 'universitas', 'nama_sekolah', 'umum', 'sekolah', 'tidak', 'Jakarta', '1', '2', 'Jakarta', 'Jakarta', 'Jakarta', 'uploads/peserta1/Alibaba Account.PNG', 'uploads/peserta1/Alibaba Account.PNG', 'uploads/peserta1/Alibaba Account.PNG', 'uploads/peserta1/Alibaba Account.PNG', 'uploads/peserta1/Alibaba Account.PNG', 'uploads/peserta1/Alibaba Account.PNG', '[\"website\",\"bing\"]', 'setuju', 0, '2024-09-14 17:11:11', '2024-09-16 00:54:58'),
(359, 'giovani.nitzsche@example.net', 8, 4, '[\"teman\",\"instagram\"]', 'uploads/peserta1/Alibaba Account.PNG', 'Arlene Lowe', '123', '123', 'gender', 'Yogyakarta', '2005-11-20', '12345', 'tidak', 'universitas', 'nama_sekolah', 'umum', 'sekolah', 'tidak', 'Bandung', '1', '2', 'Surabaya', 'Surabaya', 'Yogyakarta', 'uploads/peserta1/Alibaba Account.PNG', 'uploads/peserta1/Alibaba Account.PNG', 'uploads/peserta1/Alibaba Account.PNG', 'uploads/peserta1/Alibaba Account.PNG', 'uploads/peserta1/Alibaba Account.PNG', 'uploads/peserta1/Alibaba Account.PNG', '[\"website\",\"bing\"]', 'setuju', 0, '2024-09-14 17:11:11', '2024-09-16 00:54:58'),
(360, 'mante.valentin@example.org', 8, 4, '[\"teman\",\"instagram\"]', 'uploads/peserta1/Alibaba Account.PNG', 'Prof. Deon Steuber', '123', '123', 'gender', 'Bandung', '1972-06-01', '12345', 'tidak', 'universitas', 'nama_sekolah', 'umum', 'sekolah', 'tidak', 'Bandung', '1', '2', 'Surabaya', 'Bandung', 'Surabaya', 'uploads/peserta1/Alibaba Account.PNG', 'uploads/peserta1/Alibaba Account.PNG', 'uploads/peserta1/Alibaba Account.PNG', 'uploads/peserta1/Alibaba Account.PNG', 'uploads/peserta1/Alibaba Account.PNG', 'uploads/peserta1/Alibaba Account.PNG', '[\"website\",\"bing\"]', 'setuju', 0, '2024-09-14 17:11:11', '2024-09-16 00:54:58'),
(361, 'hills.nedra@example.net', 8, 4, '[\"teman\",\"instagram\"]', 'uploads/peserta1/Alibaba Account.PNG', 'Prof. Misael Grimes', '123', '123', 'gender', 'Medan', '2012-08-23', '12345', 'tidak', 'universitas', 'nama_sekolah', 'umum', 'sekolah', 'tidak', 'Yogyakarta', '1', '2', 'Surabaya', 'Surabaya', 'Medan', 'uploads/peserta1/Alibaba Account.PNG', 'uploads/peserta1/Alibaba Account.PNG', 'uploads/peserta1/Alibaba Account.PNG', 'uploads/peserta1/Alibaba Account.PNG', 'uploads/peserta1/Alibaba Account.PNG', 'uploads/peserta1/Alibaba Account.PNG', '[\"website\",\"bing\"]', 'setuju', 0, '2024-09-14 17:11:11', '2024-09-16 00:54:58'),
(362, 'xtreutel@example.com', 8, 4, '[\"teman\",\"instagram\"]', 'uploads/peserta1/Alibaba Account.PNG', 'Newell Haag MD', '123', '123', 'gender', 'Bandung', '2005-10-14', '12345', 'tidak', 'universitas', 'nama_sekolah', 'umum', 'sekolah', 'tidak', 'Medan', '1', '2', 'Medan', 'Yogyakarta', 'Medan', 'uploads/peserta1/Alibaba Account.PNG', 'uploads/peserta1/Alibaba Account.PNG', 'uploads/peserta1/Alibaba Account.PNG', 'uploads/peserta1/Alibaba Account.PNG', 'uploads/peserta1/Alibaba Account.PNG', 'uploads/peserta1/Alibaba Account.PNG', '[\"website\",\"bing\"]', 'setuju', 0, '2024-09-14 17:11:11', '2024-09-16 00:54:58'),
(363, 'aracely.lang@example.com', 8, 4, '[\"teman\",\"instagram\"]', 'uploads/peserta1/Alibaba Account.PNG', 'Eloy Smith', '123', '123', 'gender', 'Yogyakarta', '2013-06-11', '12345', 'tidak', 'universitas', 'nama_sekolah', 'umum', 'sekolah', 'tidak', 'Jakarta', '1', '2', 'Medan', 'Jakarta', 'Yogyakarta', 'uploads/peserta1/Alibaba Account.PNG', 'uploads/peserta1/Alibaba Account.PNG', 'uploads/peserta1/Alibaba Account.PNG', 'uploads/peserta1/Alibaba Account.PNG', 'uploads/peserta1/Alibaba Account.PNG', 'uploads/peserta1/Alibaba Account.PNG', '[\"website\",\"bing\"]', 'setuju', 0, '2024-09-14 17:11:11', '2024-09-16 00:54:58'),
(364, 'dherzog@example.net', 8, 4, '[\"teman\",\"instagram\"]', 'uploads/peserta1/Alibaba Account.PNG', 'Felicia Carter PhD', '123', '123', 'gender', 'Yogyakarta', '1995-09-08', '12345', 'tidak', 'universitas', 'nama_sekolah', 'umum', 'sekolah', 'tidak', 'Yogyakarta', '1', '2', 'Yogyakarta', 'Surabaya', 'Jakarta', 'uploads/peserta1/Alibaba Account.PNG', 'uploads/peserta1/Alibaba Account.PNG', 'uploads/peserta1/Alibaba Account.PNG', 'uploads/peserta1/Alibaba Account.PNG', 'uploads/peserta1/Alibaba Account.PNG', 'uploads/peserta1/Alibaba Account.PNG', '[\"website\",\"bing\"]', 'setuju', 0, '2024-09-14 17:11:11', '2024-09-16 00:54:58'),
(365, 'bstokes@example.org', 8, 4, '[\"teman\",\"instagram\"]', 'uploads/peserta1/Alibaba Account.PNG', 'Raphael Toy', '123', '123', 'gender', 'Surabaya', '2007-08-28', '12345', 'tidak', 'universitas', 'nama_sekolah', 'umum', 'sekolah', 'tidak', 'Surabaya', '1', '2', 'Bandung', 'Surabaya', 'Bandung', 'uploads/peserta1/Alibaba Account.PNG', 'uploads/peserta1/Alibaba Account.PNG', 'uploads/peserta1/Alibaba Account.PNG', 'uploads/peserta1/Alibaba Account.PNG', 'uploads/peserta1/Alibaba Account.PNG', 'uploads/peserta1/Alibaba Account.PNG', '[\"website\",\"bing\"]', 'setuju', 0, '2024-09-14 17:11:11', '2024-09-16 00:54:58'),
(366, 'kdeckow@example.com', 9, 4, '[\"teman\",\"instagram\"]', 'uploads/peserta1/Alibaba Account.PNG', 'Gust Stokes', '123', '123', 'gender', 'Surabaya', '1980-01-17', '12345', 'tidak', 'universitas', 'nama_sekolah', 'umum', 'sekolah', 'tidak', 'Medan', '1', '2', 'Surabaya', 'Jakarta', 'Yogyakarta', 'uploads/peserta1/Alibaba Account.PNG', 'uploads/peserta1/Alibaba Account.PNG', 'uploads/peserta1/Alibaba Account.PNG', 'uploads/peserta1/Alibaba Account.PNG', 'uploads/peserta1/Alibaba Account.PNG', 'uploads/peserta1/Alibaba Account.PNG', '[\"website\",\"bing\"]', 'setuju', 0, '2024-09-14 17:11:20', '2024-09-16 00:54:58'),
(367, 'rashawn55@example.com', 9, 4, '[\"teman\",\"instagram\"]', 'uploads/peserta1/Alibaba Account.PNG', 'General Rogahn', '123', '123', 'gender', 'Surabaya', '2003-04-26', '12345', 'tidak', 'universitas', 'nama_sekolah', 'umum', 'sekolah', 'tidak', 'Medan', '1', '2', 'Jakarta', 'Yogyakarta', 'Yogyakarta', 'uploads/peserta1/Alibaba Account.PNG', 'uploads/peserta1/Alibaba Account.PNG', 'uploads/peserta1/Alibaba Account.PNG', 'uploads/peserta1/Alibaba Account.PNG', 'uploads/peserta1/Alibaba Account.PNG', 'uploads/peserta1/Alibaba Account.PNG', '[\"website\",\"bing\"]', 'setuju', 0, '2024-09-14 17:11:20', '2024-09-16 00:54:58'),
(368, 'stone66@example.com', 9, 4, '[\"teman\",\"instagram\"]', 'uploads/peserta1/Alibaba Account.PNG', 'Timothy Hudson', '123', '123', 'gender', 'Jakarta', '1989-01-03', '12345', 'tidak', 'universitas', 'nama_sekolah', 'umum', 'sekolah', 'tidak', 'Yogyakarta', '1', '2', 'Surabaya', 'Medan', 'Jakarta', 'uploads/peserta1/Alibaba Account.PNG', 'uploads/peserta1/Alibaba Account.PNG', 'uploads/peserta1/Alibaba Account.PNG', 'uploads/peserta1/Alibaba Account.PNG', 'uploads/peserta1/Alibaba Account.PNG', 'uploads/peserta1/Alibaba Account.PNG', '[\"website\",\"bing\"]', 'setuju', 0, '2024-09-14 17:11:20', '2024-09-16 00:54:58'),
(369, 'vlindgren@example.net', 9, 4, '[\"teman\",\"instagram\"]', 'uploads/peserta1/Alibaba Account.PNG', 'Miss Patience Pouros', '123', '123', 'gender', 'Yogyakarta', '1987-06-20', '12345', 'tidak', 'universitas', 'nama_sekolah', 'umum', 'sekolah', 'tidak', 'Yogyakarta', '1', '2', 'Medan', 'Jakarta', 'Surabaya', 'uploads/peserta1/Alibaba Account.PNG', 'uploads/peserta1/Alibaba Account.PNG', 'uploads/peserta1/Alibaba Account.PNG', 'uploads/peserta1/Alibaba Account.PNG', 'uploads/peserta1/Alibaba Account.PNG', 'uploads/peserta1/Alibaba Account.PNG', '[\"website\",\"bing\"]', 'setuju', 0, '2024-09-14 17:11:20', '2024-09-16 00:54:58'),
(370, 'carlo.fisher@example.com', 9, 4, '[\"teman\",\"instagram\"]', 'uploads/peserta1/Alibaba Account.PNG', 'Dr. Nasir Dibbert MD', '123', '123', 'gender', 'Surabaya', '1979-09-25', '12345', 'tidak', 'universitas', 'nama_sekolah', 'umum', 'sekolah', 'tidak', 'Medan', '1', '2', 'Medan', 'Yogyakarta', 'Bandung', 'uploads/peserta1/Alibaba Account.PNG', 'uploads/peserta1/Alibaba Account.PNG', 'uploads/peserta1/Alibaba Account.PNG', 'uploads/peserta1/Alibaba Account.PNG', 'uploads/peserta1/Alibaba Account.PNG', 'uploads/peserta1/Alibaba Account.PNG', '[\"website\",\"bing\"]', 'setuju', 0, '2024-09-14 17:11:20', '2024-09-16 00:54:58'),
(371, 'xrussel@example.com', 10, 4, '[\"teman\",\"instagram\"]', 'uploads/peserta1/Alibaba Account.PNG', 'Mrs. Brionna Mitchell DVM', '123', '123', 'gender', 'Medan', '2016-03-18', '12345', 'tidak', 'universitas', 'nama_sekolah', 'umum', 'sekolah', 'tidak', 'Surabaya', '1', '2', 'Jakarta', 'Jakarta', 'Surabaya', 'uploads/peserta1/Alibaba Account.PNG', 'uploads/peserta1/Alibaba Account.PNG', 'uploads/peserta1/Alibaba Account.PNG', 'uploads/peserta1/Alibaba Account.PNG', 'uploads/peserta1/Alibaba Account.PNG', 'uploads/peserta1/Alibaba Account.PNG', '[\"website\",\"bing\"]', 'setuju', 0, '2024-09-14 17:11:29', '2024-09-16 00:54:58'),
(372, 'chanelle91@example.org', 10, 4, '[\"teman\",\"instagram\"]', 'uploads/peserta1/Alibaba Account.PNG', 'Vella Streich', '123', '123', 'gender', 'Bandung', '2024-03-01', '12345', 'tidak', 'universitas', 'nama_sekolah', 'umum', 'sekolah', 'tidak', 'Surabaya', '1', '2', 'Surabaya', 'Medan', 'Bandung', 'uploads/peserta1/Alibaba Account.PNG', 'uploads/peserta1/Alibaba Account.PNG', 'uploads/peserta1/Alibaba Account.PNG', 'uploads/peserta1/Alibaba Account.PNG', 'uploads/peserta1/Alibaba Account.PNG', 'uploads/peserta1/Alibaba Account.PNG', '[\"website\",\"bing\"]', 'setuju', 0, '2024-09-14 17:11:29', '2024-09-16 00:54:58'),
(373, 'axel82@example.net', 10, 4, '[\"teman\",\"instagram\"]', 'uploads/peserta1/Alibaba Account.PNG', 'Mr. Nash Tremblay', '123', '123', 'gender', 'Surabaya', '1976-07-17', '12345', 'tidak', 'universitas', 'nama_sekolah', 'umum', 'sekolah', 'tidak', 'Surabaya', '1', '2', 'Bandung', 'Bandung', 'Surabaya', 'uploads/peserta1/Alibaba Account.PNG', 'uploads/peserta1/Alibaba Account.PNG', 'uploads/peserta1/Alibaba Account.PNG', 'uploads/peserta1/Alibaba Account.PNG', 'uploads/peserta1/Alibaba Account.PNG', 'uploads/peserta1/Alibaba Account.PNG', '[\"website\",\"bing\"]', 'setuju', 0, '2024-09-14 17:11:29', '2024-09-16 00:54:58'),
(374, 'kellie.williamson@example.com', 10, 4, '[\"teman\",\"instagram\"]', 'uploads/peserta1/Alibaba Account.PNG', 'Demetris Shanahan', '123', '123', 'gender', 'Surabaya', '1994-08-29', '12345', 'tidak', 'universitas', 'nama_sekolah', 'umum', 'sekolah', 'tidak', 'Surabaya', '1', '2', 'Jakarta', 'Medan', 'Yogyakarta', 'uploads/peserta1/Alibaba Account.PNG', 'uploads/peserta1/Alibaba Account.PNG', 'uploads/peserta1/Alibaba Account.PNG', 'uploads/peserta1/Alibaba Account.PNG', 'uploads/peserta1/Alibaba Account.PNG', 'uploads/peserta1/Alibaba Account.PNG', '[\"website\",\"bing\"]', 'setuju', 0, '2024-09-14 17:11:29', '2024-09-16 00:54:58'),
(375, 'vbergnaum@example.com', 10, 4, '[\"teman\",\"instagram\"]', 'uploads/peserta1/Alibaba Account.PNG', 'Miss Alanis Parker DVM', '123', '123', 'gender', 'Bandung', '1988-09-22', '12345', 'tidak', 'universitas', 'nama_sekolah', 'umum', 'sekolah', 'tidak', 'Surabaya', '1', '2', 'Bandung', 'Surabaya', 'Medan', 'uploads/peserta1/Alibaba Account.PNG', 'uploads/peserta1/Alibaba Account.PNG', 'uploads/peserta1/Alibaba Account.PNG', 'uploads/peserta1/Alibaba Account.PNG', 'uploads/peserta1/Alibaba Account.PNG', 'uploads/peserta1/Alibaba Account.PNG', '[\"website\",\"bing\"]', 'setuju', 0, '2024-09-14 17:11:29', '2024-09-16 00:54:58'),
(376, 'pcummerata@example.com', 10, 4, '[\"teman\",\"instagram\"]', 'uploads/peserta1/Alibaba Account.PNG', 'Elton Weimann', '123', '123', 'gender', 'Jakarta', '2018-05-13', '12345', 'tidak', 'universitas', 'nama_sekolah', 'umum', 'sekolah', 'tidak', 'Jakarta', '1', '2', 'Bandung', 'Surabaya', 'Bandung', 'uploads/peserta1/Alibaba Account.PNG', 'uploads/peserta1/Alibaba Account.PNG', 'uploads/peserta1/Alibaba Account.PNG', 'uploads/peserta1/Alibaba Account.PNG', 'uploads/peserta1/Alibaba Account.PNG', 'uploads/peserta1/Alibaba Account.PNG', '[\"website\",\"bing\"]', 'setuju', 0, '2024-09-14 17:11:29', '2024-09-16 00:54:58'),
(377, 'imani09@example.org', 10, 4, '[\"teman\",\"instagram\"]', 'uploads/peserta1/Alibaba Account.PNG', 'Concepcion Kassulke', '123', '123', 'gender', 'Bandung', '1995-10-18', '12345', 'tidak', 'universitas', 'nama_sekolah', 'umum', 'sekolah', 'tidak', 'Surabaya', '1', '2', 'Jakarta', 'Bandung', 'Yogyakarta', 'uploads/peserta1/Alibaba Account.PNG', 'uploads/peserta1/Alibaba Account.PNG', 'uploads/peserta1/Alibaba Account.PNG', 'uploads/peserta1/Alibaba Account.PNG', 'uploads/peserta1/Alibaba Account.PNG', 'uploads/peserta1/Alibaba Account.PNG', '[\"website\",\"bing\"]', 'setuju', 0, '2024-09-14 17:11:29', '2024-09-16 00:54:58'),
(378, 'fisher.lydia@example.org', 10, 4, '[\"teman\",\"instagram\"]', 'uploads/peserta1/Alibaba Account.PNG', 'Maximilian Kirlin', '123', '123', 'gender', 'Medan', '2008-08-05', '12345', 'tidak', 'universitas', 'nama_sekolah', 'umum', 'sekolah', 'tidak', 'Jakarta', '1', '2', 'Surabaya', 'Jakarta', 'Medan', 'uploads/peserta1/Alibaba Account.PNG', 'uploads/peserta1/Alibaba Account.PNG', 'uploads/peserta1/Alibaba Account.PNG', 'uploads/peserta1/Alibaba Account.PNG', 'uploads/peserta1/Alibaba Account.PNG', 'uploads/peserta1/Alibaba Account.PNG', '[\"website\",\"bing\"]', 'setuju', 0, '2024-09-14 17:11:29', '2024-09-16 00:54:58'),
(379, 'konopelski.jarod@example.com', 10, 4, '[\"teman\",\"instagram\"]', 'uploads/peserta1/Alibaba Account.PNG', 'Adalberto Nader', '123', '123', 'gender', 'Yogyakarta', '1983-10-02', '12345', 'tidak', 'universitas', 'nama_sekolah', 'umum', 'sekolah', 'tidak', 'Jakarta', '1', '2', 'Medan', 'Bandung', 'Surabaya', 'uploads/peserta1/Alibaba Account.PNG', 'uploads/peserta1/Alibaba Account.PNG', 'uploads/peserta1/Alibaba Account.PNG', 'uploads/peserta1/Alibaba Account.PNG', 'uploads/peserta1/Alibaba Account.PNG', 'uploads/peserta1/Alibaba Account.PNG', '[\"website\",\"bing\"]', 'setuju', 0, '2024-09-14 17:11:29', '2024-09-16 00:54:58'),
(380, 'zbraun@example.org', 10, 4, '[\"teman\",\"instagram\"]', 'uploads/peserta1/Alibaba Account.PNG', 'Prof. Declan Gislason Jr.', '123', '123', 'gender', 'Yogyakarta', '2015-03-08', '12345', 'tidak', 'universitas', 'nama_sekolah', 'umum', 'sekolah', 'tidak', 'Surabaya', '1', '2', 'Surabaya', 'Jakarta', 'Bandung', 'uploads/peserta1/Alibaba Account.PNG', 'uploads/peserta1/Alibaba Account.PNG', 'uploads/peserta1/Alibaba Account.PNG', 'uploads/peserta1/Alibaba Account.PNG', 'uploads/peserta1/Alibaba Account.PNG', 'uploads/peserta1/Alibaba Account.PNG', '[\"website\",\"bing\"]', 'setuju', 0, '2024-09-14 17:11:29', '2024-09-16 00:54:58'),
(381, 'ada.fisher@example.com', 11, 4, '[\"teman\",\"instagram\"]', 'uploads/peserta1/Alibaba Account.PNG', 'Howell Veum', '123', '123', 'gender', 'Surabaya', '2012-06-15', '12345', 'tidak', 'universitas', 'nama_sekolah', 'umum', 'sekolah', 'tidak', 'Yogyakarta', '1', '2', 'Medan', 'Medan', 'Medan', 'uploads/peserta1/Alibaba Account.PNG', 'uploads/peserta1/Alibaba Account.PNG', 'uploads/peserta1/Alibaba Account.PNG', 'uploads/peserta1/Alibaba Account.PNG', 'uploads/peserta1/Alibaba Account.PNG', 'uploads/peserta1/Alibaba Account.PNG', '[\"website\",\"bing\"]', 'setuju', 0, '2024-09-14 17:11:39', '2024-09-16 00:54:58'),
(382, 'emccullough@example.com', 11, 4, '[\"teman\",\"instagram\"]', 'uploads/peserta1/Alibaba Account.PNG', 'Bette Botsford', '123', '123', 'gender', 'Surabaya', '1973-11-04', '12345', 'tidak', 'universitas', 'nama_sekolah', 'umum', 'sekolah', 'tidak', 'Yogyakarta', '1', '2', 'Yogyakarta', 'Surabaya', 'Jakarta', 'uploads/peserta1/Alibaba Account.PNG', 'uploads/peserta1/Alibaba Account.PNG', 'uploads/peserta1/Alibaba Account.PNG', 'uploads/peserta1/Alibaba Account.PNG', 'uploads/peserta1/Alibaba Account.PNG', 'uploads/peserta1/Alibaba Account.PNG', '[\"website\",\"bing\"]', 'setuju', 0, '2024-09-14 17:11:39', '2024-09-16 00:54:58'),
(383, 'gbauch@example.com', 11, 4, '[\"teman\",\"instagram\"]', 'uploads/peserta1/Alibaba Account.PNG', 'Willard Leuschke', '123', '123', 'gender', 'Jakarta', '1980-04-22', '12345', 'tidak', 'universitas', 'nama_sekolah', 'umum', 'sekolah', 'tidak', 'Yogyakarta', '1', '2', 'Medan', 'Bandung', 'Yogyakarta', 'uploads/peserta1/Alibaba Account.PNG', 'uploads/peserta1/Alibaba Account.PNG', 'uploads/peserta1/Alibaba Account.PNG', 'uploads/peserta1/Alibaba Account.PNG', 'uploads/peserta1/Alibaba Account.PNG', 'uploads/peserta1/Alibaba Account.PNG', '[\"website\",\"bing\"]', 'setuju', 0, '2024-09-14 17:11:39', '2024-09-16 00:54:58'),
(384, 'botsford.ocie@example.com', 11, 4, '[\"teman\",\"instagram\"]', 'uploads/peserta1/Alibaba Account.PNG', 'Mrs. Clara Altenwerth', '123', '123', 'gender', 'Bandung', '2024-05-12', '12345', 'tidak', 'universitas', 'nama_sekolah', 'umum', 'sekolah', 'tidak', 'Medan', '1', '2', 'Jakarta', 'Yogyakarta', 'Bandung', 'uploads/peserta1/Alibaba Account.PNG', 'uploads/peserta1/Alibaba Account.PNG', 'uploads/peserta1/Alibaba Account.PNG', 'uploads/peserta1/Alibaba Account.PNG', 'uploads/peserta1/Alibaba Account.PNG', 'uploads/peserta1/Alibaba Account.PNG', '[\"website\",\"bing\"]', 'setuju', 0, '2024-09-14 17:11:39', '2024-09-16 00:54:58'),
(385, 'nayeli89@example.org', 11, 4, '[\"teman\",\"instagram\"]', 'uploads/peserta1/Alibaba Account.PNG', 'Golda Schiller', '123', '123', 'gender', 'Jakarta', '2002-12-02', '12345', 'tidak', 'universitas', 'nama_sekolah', 'umum', 'sekolah', 'tidak', 'Surabaya', '1', '2', 'Yogyakarta', 'Medan', 'Yogyakarta', 'uploads/peserta1/Alibaba Account.PNG', 'uploads/peserta1/Alibaba Account.PNG', 'uploads/peserta1/Alibaba Account.PNG', 'uploads/peserta1/Alibaba Account.PNG', 'uploads/peserta1/Alibaba Account.PNG', 'uploads/peserta1/Alibaba Account.PNG', '[\"website\",\"bing\"]', 'setuju', 0, '2024-09-14 17:11:39', '2024-09-16 00:54:58'),
(386, 'meta.damore@example.com', 11, 4, '[\"teman\",\"instagram\"]', 'uploads/peserta1/Alibaba Account.PNG', 'Ms. Ilene Denesik', '123', '123', 'gender', 'Medan', '1991-09-21', '12345', 'tidak', 'universitas', 'nama_sekolah', 'umum', 'sekolah', 'tidak', 'Bandung', '1', '2', 'Yogyakarta', 'Surabaya', 'Surabaya', 'uploads/peserta1/Alibaba Account.PNG', 'uploads/peserta1/Alibaba Account.PNG', 'uploads/peserta1/Alibaba Account.PNG', 'uploads/peserta1/Alibaba Account.PNG', 'uploads/peserta1/Alibaba Account.PNG', 'uploads/peserta1/Alibaba Account.PNG', '[\"website\",\"bing\"]', 'setuju', 0, '2024-09-14 17:11:39', '2024-09-16 00:54:58'),
(387, 'verlie.balistreri@example.com', 11, 4, '[\"teman\",\"instagram\"]', 'uploads/peserta1/Alibaba Account.PNG', 'Uriel Altenwerth', '123', '123', 'gender', 'Surabaya', '2012-04-23', '12345', 'tidak', 'universitas', 'nama_sekolah', 'umum', 'sekolah', 'tidak', 'Yogyakarta', '1', '2', 'Medan', 'Medan', 'Yogyakarta', 'uploads/peserta1/Alibaba Account.PNG', 'uploads/peserta1/Alibaba Account.PNG', 'uploads/peserta1/Alibaba Account.PNG', 'uploads/peserta1/Alibaba Account.PNG', 'uploads/peserta1/Alibaba Account.PNG', 'uploads/peserta1/Alibaba Account.PNG', '[\"website\",\"bing\"]', 'setuju', 0, '2024-09-14 17:11:39', '2024-09-16 00:54:58'),
(388, 'dolly77@example.com', 11, 4, '[\"teman\",\"instagram\"]', 'uploads/peserta1/Alibaba Account.PNG', 'Uriah Zulauf', '123', '123', 'gender', 'Yogyakarta', '1983-06-05', '12345', 'tidak', 'universitas', 'nama_sekolah', 'umum', 'sekolah', 'tidak', 'Yogyakarta', '1', '2', 'Surabaya', 'Surabaya', 'Surabaya', 'uploads/peserta1/Alibaba Account.PNG', 'uploads/peserta1/Alibaba Account.PNG', 'uploads/peserta1/Alibaba Account.PNG', 'uploads/peserta1/Alibaba Account.PNG', 'uploads/peserta1/Alibaba Account.PNG', 'uploads/peserta1/Alibaba Account.PNG', '[\"website\",\"bing\"]', 'setuju', 0, '2024-09-14 17:11:39', '2024-09-16 00:54:58'),
(389, 'conor22@example.net', 11, 4, '[\"teman\",\"instagram\"]', 'uploads/peserta1/Alibaba Account.PNG', 'Emmet Nitzsche', '123', '123', 'gender', 'Bandung', '1985-09-23', '12345', 'tidak', 'universitas', 'nama_sekolah', 'umum', 'sekolah', 'tidak', 'Medan', '1', '2', 'Bandung', 'Bandung', 'Jakarta', 'uploads/peserta1/Alibaba Account.PNG', 'uploads/peserta1/Alibaba Account.PNG', 'uploads/peserta1/Alibaba Account.PNG', 'uploads/peserta1/Alibaba Account.PNG', 'uploads/peserta1/Alibaba Account.PNG', 'uploads/peserta1/Alibaba Account.PNG', '[\"website\",\"bing\"]', 'setuju', 0, '2024-09-14 17:11:39', '2024-09-16 00:54:58'),
(390, 'russel.ocie@example.net', 11, 4, '[\"teman\",\"instagram\"]', 'uploads/peserta1/Alibaba Account.PNG', 'Mr. Madison Smitham DVM', '123', '123', 'gender', 'Jakarta', '2007-06-11', '12345', 'tidak', 'universitas', 'nama_sekolah', 'umum', 'sekolah', 'tidak', 'Surabaya', '1', '2', 'Yogyakarta', 'Surabaya', 'Jakarta', 'uploads/peserta1/Alibaba Account.PNG', 'uploads/peserta1/Alibaba Account.PNG', 'uploads/peserta1/Alibaba Account.PNG', 'uploads/peserta1/Alibaba Account.PNG', 'uploads/peserta1/Alibaba Account.PNG', 'uploads/peserta1/Alibaba Account.PNG', '[\"website\",\"bing\"]', 'setuju', 0, '2024-09-14 17:11:39', '2024-09-16 00:54:58'),
(391, 'hermann.madeline@example.com', 11, 4, '[\"teman\",\"instagram\"]', 'uploads/peserta1/Alibaba Account.PNG', 'Kristoffer McCullough', '123', '123', 'gender', 'Jakarta', '1999-05-20', '12345', 'tidak', 'universitas', 'nama_sekolah', 'umum', 'sekolah', 'tidak', 'Jakarta', '1', '2', 'Jakarta', 'Surabaya', 'Jakarta', 'uploads/peserta1/Alibaba Account.PNG', 'uploads/peserta1/Alibaba Account.PNG', 'uploads/peserta1/Alibaba Account.PNG', 'uploads/peserta1/Alibaba Account.PNG', 'uploads/peserta1/Alibaba Account.PNG', 'uploads/peserta1/Alibaba Account.PNG', '[\"website\",\"bing\"]', 'setuju', 0, '2024-09-14 17:11:39', '2024-09-16 00:54:58'),
(392, 'crooks.gardner@example.net', 11, 4, '[\"teman\",\"instagram\"]', 'uploads/peserta1/Alibaba Account.PNG', 'Timmothy Borer', '123', '123', 'gender', 'Bandung', '2013-07-03', '12345', 'tidak', 'universitas', 'nama_sekolah', 'umum', 'sekolah', 'tidak', 'Surabaya', '1', '2', 'Surabaya', 'Jakarta', 'Medan', 'uploads/peserta1/Alibaba Account.PNG', 'uploads/peserta1/Alibaba Account.PNG', 'uploads/peserta1/Alibaba Account.PNG', 'uploads/peserta1/Alibaba Account.PNG', 'uploads/peserta1/Alibaba Account.PNG', 'uploads/peserta1/Alibaba Account.PNG', '[\"website\",\"bing\"]', 'setuju', 0, '2024-09-14 17:11:39', '2024-09-16 00:54:58'),
(393, 'tess10@example.org', 11, 4, '[\"teman\",\"instagram\"]', 'uploads/peserta1/Alibaba Account.PNG', 'Dr. Mireya Wiza', '123', '123', 'gender', 'Bandung', '1983-09-12', '12345', 'tidak', 'universitas', 'nama_sekolah', 'umum', 'sekolah', 'tidak', 'Medan', '1', '2', 'Medan', 'Jakarta', 'Jakarta', 'uploads/peserta1/Alibaba Account.PNG', 'uploads/peserta1/Alibaba Account.PNG', 'uploads/peserta1/Alibaba Account.PNG', 'uploads/peserta1/Alibaba Account.PNG', 'uploads/peserta1/Alibaba Account.PNG', 'uploads/peserta1/Alibaba Account.PNG', '[\"website\",\"bing\"]', 'setuju', 0, '2024-09-14 17:11:39', '2024-09-16 00:54:58'),
(394, 'sjohnson@example.org', 11, 4, '[\"teman\",\"instagram\"]', 'uploads/peserta1/Alibaba Account.PNG', 'Rosa McGlynn II', '123', '123', 'gender', 'Bandung', '1975-04-28', '12345', 'tidak', 'universitas', 'nama_sekolah', 'umum', 'sekolah', 'tidak', 'Medan', '1', '2', 'Medan', 'Jakarta', 'Yogyakarta', 'uploads/peserta1/Alibaba Account.PNG', 'uploads/peserta1/Alibaba Account.PNG', 'uploads/peserta1/Alibaba Account.PNG', 'uploads/peserta1/Alibaba Account.PNG', 'uploads/peserta1/Alibaba Account.PNG', 'uploads/peserta1/Alibaba Account.PNG', '[\"website\",\"bing\"]', 'setuju', 0, '2024-09-14 17:11:39', '2024-09-16 00:54:58'),
(395, 'heather.anderson@example.net', 11, 4, '[\"teman\",\"instagram\"]', 'uploads/peserta1/Alibaba Account.PNG', 'Gwendolyn Hand', '123', '123', 'gender', 'Surabaya', '1993-03-05', '12345', 'tidak', 'universitas', 'nama_sekolah', 'umum', 'sekolah', 'tidak', 'Surabaya', '1', '2', 'Jakarta', 'Jakarta', 'Yogyakarta', 'uploads/peserta1/Alibaba Account.PNG', 'uploads/peserta1/Alibaba Account.PNG', 'uploads/peserta1/Alibaba Account.PNG', 'uploads/peserta1/Alibaba Account.PNG', 'uploads/peserta1/Alibaba Account.PNG', 'uploads/peserta1/Alibaba Account.PNG', '[\"website\",\"bing\"]', 'setuju', 0, '2024-09-14 17:11:39', '2024-09-16 00:54:58'),
(396, 'okeefe.scotty@example.com', 12, 4, '[\"teman\",\"instagram\"]', 'uploads/peserta1/Alibaba Account.PNG', 'Prof. Adell Legros', '123', '123', 'gender', 'Jakarta', '1980-10-20', '12345', 'tidak', 'universitas', 'nama_sekolah', 'umum', 'sekolah', 'tidak', 'Medan', '1', '2', 'Bandung', 'Yogyakarta', 'Yogyakarta', 'uploads/peserta1/Alibaba Account.PNG', 'uploads/peserta1/Alibaba Account.PNG', 'uploads/peserta1/Alibaba Account.PNG', 'uploads/peserta1/Alibaba Account.PNG', 'uploads/peserta1/Alibaba Account.PNG', 'uploads/peserta1/Alibaba Account.PNG', '[\"website\",\"bing\"]', 'setuju', 0, '2024-09-14 17:11:50', '2024-09-16 00:54:58'),
(397, 'marquardt.michael@example.org', 12, 4, '[\"teman\",\"instagram\"]', 'uploads/peserta1/Alibaba Account.PNG', 'Marianna Abbott', '123', '123', 'gender', 'Yogyakarta', '2016-04-22', '12345', 'tidak', 'universitas', 'nama_sekolah', 'umum', 'sekolah', 'tidak', 'Jakarta', '1', '2', 'Medan', 'Medan', 'Bandung', 'uploads/peserta1/Alibaba Account.PNG', 'uploads/peserta1/Alibaba Account.PNG', 'uploads/peserta1/Alibaba Account.PNG', 'uploads/peserta1/Alibaba Account.PNG', 'uploads/peserta1/Alibaba Account.PNG', 'uploads/peserta1/Alibaba Account.PNG', '[\"website\",\"bing\"]', 'setuju', 0, '2024-09-14 17:11:50', '2024-09-16 00:54:58'),
(398, 'rippin.clifford@example.com', 12, 4, '[\"teman\",\"instagram\"]', 'uploads/peserta1/Alibaba Account.PNG', 'Raphaelle Heaney', '123', '123', 'gender', 'Surabaya', '2009-02-20', '12345', 'tidak', 'universitas', 'nama_sekolah', 'umum', 'sekolah', 'tidak', 'Surabaya', '1', '2', 'Surabaya', 'Bandung', 'Bandung', 'uploads/peserta1/Alibaba Account.PNG', 'uploads/peserta1/Alibaba Account.PNG', 'uploads/peserta1/Alibaba Account.PNG', 'uploads/peserta1/Alibaba Account.PNG', 'uploads/peserta1/Alibaba Account.PNG', 'uploads/peserta1/Alibaba Account.PNG', '[\"website\",\"bing\"]', 'setuju', 0, '2024-09-14 17:11:50', '2024-09-16 00:54:58'),
(399, 'elinor86@example.org', 12, 4, '[\"teman\",\"instagram\"]', 'uploads/peserta1/Alibaba Account.PNG', 'Dedrick Veum', '123', '123', 'gender', 'Surabaya', '2008-07-21', '12345', 'tidak', 'universitas', 'nama_sekolah', 'umum', 'sekolah', 'tidak', 'Jakarta', '1', '2', 'Bandung', 'Yogyakarta', 'Jakarta', 'uploads/peserta1/Alibaba Account.PNG', 'uploads/peserta1/Alibaba Account.PNG', 'uploads/peserta1/Alibaba Account.PNG', 'uploads/peserta1/Alibaba Account.PNG', 'uploads/peserta1/Alibaba Account.PNG', 'uploads/peserta1/Alibaba Account.PNG', '[\"website\",\"bing\"]', 'setuju', 0, '2024-09-14 17:11:50', '2024-09-16 00:54:58'),
(400, 'adalberto11@example.org', 12, 4, '[\"teman\",\"instagram\"]', 'uploads/peserta1/Alibaba Account.PNG', 'Gillian Conroy', '123', '123', 'gender', 'Jakarta', '1994-12-23', '12345', 'tidak', 'universitas', 'nama_sekolah', 'umum', 'sekolah', 'tidak', 'Medan', '1', '2', 'Jakarta', 'Medan', 'Yogyakarta', 'uploads/peserta1/Alibaba Account.PNG', 'uploads/peserta1/Alibaba Account.PNG', 'uploads/peserta1/Alibaba Account.PNG', 'uploads/peserta1/Alibaba Account.PNG', 'uploads/peserta1/Alibaba Account.PNG', 'uploads/peserta1/Alibaba Account.PNG', '[\"website\",\"bing\"]', 'setuju', 0, '2024-09-14 17:11:50', '2024-09-16 00:54:58'),
(401, 'kpagac@example.com', 12, 4, '[\"teman\",\"instagram\"]', 'uploads/peserta1/Alibaba Account.PNG', 'Prof. Carlee Simonis PhD', '123', '123', 'gender', 'Bandung', '1996-06-23', '12345', 'tidak', 'universitas', 'nama_sekolah', 'umum', 'sekolah', 'tidak', 'Jakarta', '1', '2', 'Yogyakarta', 'Surabaya', 'Bandung', 'uploads/peserta1/Alibaba Account.PNG', 'uploads/peserta1/Alibaba Account.PNG', 'uploads/peserta1/Alibaba Account.PNG', 'uploads/peserta1/Alibaba Account.PNG', 'uploads/peserta1/Alibaba Account.PNG', 'uploads/peserta1/Alibaba Account.PNG', '[\"website\",\"bing\"]', 'setuju', 0, '2024-09-14 17:11:50', '2024-09-16 00:54:58'),
(402, 'verdie.collins@example.org', 12, 4, '[\"teman\",\"instagram\"]', 'uploads/peserta1/Alibaba Account.PNG', 'Kariane Turcotte', '123', '123', 'gender', 'Yogyakarta', '2012-06-25', '12345', 'tidak', 'universitas', 'nama_sekolah', 'umum', 'sekolah', 'tidak', 'Jakarta', '1', '2', 'Bandung', 'Medan', 'Surabaya', 'uploads/peserta1/Alibaba Account.PNG', 'uploads/peserta1/Alibaba Account.PNG', 'uploads/peserta1/Alibaba Account.PNG', 'uploads/peserta1/Alibaba Account.PNG', 'uploads/peserta1/Alibaba Account.PNG', 'uploads/peserta1/Alibaba Account.PNG', '[\"website\",\"bing\"]', 'setuju', 0, '2024-09-14 17:11:50', '2024-09-16 00:54:58'),
(403, 'ashlee97@example.org', 12, 4, '[\"teman\",\"instagram\"]', 'uploads/peserta1/Alibaba Account.PNG', 'Prof. Tyshawn Purdy', '123', '123', 'gender', 'Medan', '1976-02-02', '12345', 'tidak', 'universitas', 'nama_sekolah', 'umum', 'sekolah', 'tidak', 'Medan', '1', '2', 'Medan', 'Medan', 'Yogyakarta', 'uploads/peserta1/Alibaba Account.PNG', 'uploads/peserta1/Alibaba Account.PNG', 'uploads/peserta1/Alibaba Account.PNG', 'uploads/peserta1/Alibaba Account.PNG', 'uploads/peserta1/Alibaba Account.PNG', 'uploads/peserta1/Alibaba Account.PNG', '[\"website\",\"bing\"]', 'setuju', 0, '2024-09-14 17:11:50', '2024-09-16 00:54:58'),
(404, 'gabrielle12@example.net', 12, 4, '[\"teman\",\"instagram\"]', 'uploads/peserta1/Alibaba Account.PNG', 'Ms. Laisha Wolf DVM', '123', '123', 'gender', 'Yogyakarta', '2016-03-11', '12345', 'tidak', 'universitas', 'nama_sekolah', 'umum', 'sekolah', 'tidak', 'Yogyakarta', '1', '2', 'Surabaya', 'Yogyakarta', 'Yogyakarta', 'uploads/peserta1/Alibaba Account.PNG', 'uploads/peserta1/Alibaba Account.PNG', 'uploads/peserta1/Alibaba Account.PNG', 'uploads/peserta1/Alibaba Account.PNG', 'uploads/peserta1/Alibaba Account.PNG', 'uploads/peserta1/Alibaba Account.PNG', '[\"website\",\"bing\"]', 'setuju', 0, '2024-09-14 17:11:50', '2024-09-16 00:54:58'),
(405, 'hzulauf@example.com', 12, 4, '[\"teman\",\"instagram\"]', 'uploads/peserta1/Alibaba Account.PNG', 'Justyn Erdman', '123', '123', 'gender', 'Yogyakarta', '2013-01-06', '12345', 'tidak', 'universitas', 'nama_sekolah', 'umum', 'sekolah', 'tidak', 'Surabaya', '1', '2', 'Yogyakarta', 'Jakarta', 'Bandung', 'uploads/peserta1/Alibaba Account.PNG', 'uploads/peserta1/Alibaba Account.PNG', 'uploads/peserta1/Alibaba Account.PNG', 'uploads/peserta1/Alibaba Account.PNG', 'uploads/peserta1/Alibaba Account.PNG', 'uploads/peserta1/Alibaba Account.PNG', '[\"website\",\"bing\"]', 'setuju', 0, '2024-09-14 17:11:50', '2024-09-16 00:54:58'),
(406, 'leannon.meghan@example.net', 12, 4, '[\"teman\",\"instagram\"]', 'uploads/peserta1/Alibaba Account.PNG', 'Harold Rice', '123', '123', 'gender', 'Jakarta', '1984-08-08', '12345', 'tidak', 'universitas', 'nama_sekolah', 'umum', 'sekolah', 'tidak', 'Yogyakarta', '1', '2', 'Yogyakarta', 'Surabaya', 'Jakarta', 'uploads/peserta1/Alibaba Account.PNG', 'uploads/peserta1/Alibaba Account.PNG', 'uploads/peserta1/Alibaba Account.PNG', 'uploads/peserta1/Alibaba Account.PNG', 'uploads/peserta1/Alibaba Account.PNG', 'uploads/peserta1/Alibaba Account.PNG', '[\"website\",\"bing\"]', 'setuju', 0, '2024-09-14 17:11:50', '2024-09-16 00:54:58'),
(407, 'milan.okuneva@example.com', 12, 4, '[\"teman\",\"instagram\"]', 'uploads/peserta1/Alibaba Account.PNG', 'Gunnar Schroeder', '123', '123', 'gender', 'Medan', '2012-09-25', '12345', 'tidak', 'universitas', 'nama_sekolah', 'umum', 'sekolah', 'tidak', 'Jakarta', '1', '2', 'Jakarta', 'Bandung', 'Bandung', 'uploads/peserta1/Alibaba Account.PNG', 'uploads/peserta1/Alibaba Account.PNG', 'uploads/peserta1/Alibaba Account.PNG', 'uploads/peserta1/Alibaba Account.PNG', 'uploads/peserta1/Alibaba Account.PNG', 'uploads/peserta1/Alibaba Account.PNG', '[\"website\",\"bing\"]', 'setuju', 0, '2024-09-14 17:11:50', '2024-09-16 00:54:58'),
(408, 'germaine.walsh@example.com', 12, 4, '[\"teman\",\"instagram\"]', 'uploads/peserta1/Alibaba Account.PNG', 'Nicholas Eichmann I', '123', '123', 'gender', 'Medan', '1985-08-10', '12345', 'tidak', 'universitas', 'nama_sekolah', 'umum', 'sekolah', 'tidak', 'Yogyakarta', '1', '2', 'Medan', 'Yogyakarta', 'Medan', 'uploads/peserta1/Alibaba Account.PNG', 'uploads/peserta1/Alibaba Account.PNG', 'uploads/peserta1/Alibaba Account.PNG', 'uploads/peserta1/Alibaba Account.PNG', 'uploads/peserta1/Alibaba Account.PNG', 'uploads/peserta1/Alibaba Account.PNG', '[\"website\",\"bing\"]', 'setuju', 0, '2024-09-14 17:11:50', '2024-09-16 00:54:58'),
(409, 'marietta.stehr@example.net', 12, 4, '[\"teman\",\"instagram\"]', 'uploads/peserta1/Alibaba Account.PNG', 'Mrs. Patricia Bartell III', '123', '123', 'gender', 'Yogyakarta', '2006-10-02', '12345', 'tidak', 'universitas', 'nama_sekolah', 'umum', 'sekolah', 'tidak', 'Bandung', '1', '2', 'Surabaya', 'Medan', 'Bandung', 'uploads/peserta1/Alibaba Account.PNG', 'uploads/peserta1/Alibaba Account.PNG', 'uploads/peserta1/Alibaba Account.PNG', 'uploads/peserta1/Alibaba Account.PNG', 'uploads/peserta1/Alibaba Account.PNG', 'uploads/peserta1/Alibaba Account.PNG', '[\"website\",\"bing\"]', 'setuju', 0, '2024-09-14 17:11:50', '2024-09-16 00:54:58'),
(410, 'newton.mosciski@example.com', 12, 4, '[\"teman\",\"instagram\"]', 'uploads/peserta1/Alibaba Account.PNG', 'Dr. Annamae Franecki', '123', '123', 'gender', 'Medan', '2023-01-06', '12345', 'tidak', 'universitas', 'nama_sekolah', 'umum', 'sekolah', 'tidak', 'Surabaya', '1', '2', 'Surabaya', 'Yogyakarta', 'Medan', 'uploads/peserta1/Alibaba Account.PNG', 'uploads/peserta1/Alibaba Account.PNG', 'uploads/peserta1/Alibaba Account.PNG', 'uploads/peserta1/Alibaba Account.PNG', 'uploads/peserta1/Alibaba Account.PNG', 'uploads/peserta1/Alibaba Account.PNG', '[\"website\",\"bing\"]', 'setuju', 0, '2024-09-14 17:11:50', '2024-09-16 00:54:58'),
(411, 'nettie.jacobi@example.net', 12, 4, '[\"teman\",\"instagram\"]', 'uploads/peserta1/Alibaba Account.PNG', 'Dr. Zachery Jacobson', '123', '123', 'gender', 'Medan', '2008-06-01', '12345', 'tidak', 'universitas', 'nama_sekolah', 'umum', 'sekolah', 'tidak', 'Medan', '1', '2', 'Medan', 'Jakarta', 'Medan', 'uploads/peserta1/Alibaba Account.PNG', 'uploads/peserta1/Alibaba Account.PNG', 'uploads/peserta1/Alibaba Account.PNG', 'uploads/peserta1/Alibaba Account.PNG', 'uploads/peserta1/Alibaba Account.PNG', 'uploads/peserta1/Alibaba Account.PNG', '[\"website\",\"bing\"]', 'setuju', 0, '2024-09-14 17:11:50', '2024-09-16 00:54:58'),
(412, 'rprice@example.net', 12, 4, '[\"teman\",\"instagram\"]', 'uploads/peserta1/Alibaba Account.PNG', 'Trent Kiehn', '123', '123', 'gender', 'Medan', '2014-03-01', '12345', 'tidak', 'universitas', 'nama_sekolah', 'umum', 'sekolah', 'tidak', 'Medan', '1', '2', 'Jakarta', 'Jakarta', 'Surabaya', 'uploads/peserta1/Alibaba Account.PNG', 'uploads/peserta1/Alibaba Account.PNG', 'uploads/peserta1/Alibaba Account.PNG', 'uploads/peserta1/Alibaba Account.PNG', 'uploads/peserta1/Alibaba Account.PNG', 'uploads/peserta1/Alibaba Account.PNG', '[\"website\",\"bing\"]', 'setuju', 0, '2024-09-14 17:11:50', '2024-09-16 00:54:58'),
(413, 'ntrantow@example.com', 12, 4, '[\"teman\",\"instagram\"]', 'uploads/peserta1/Alibaba Account.PNG', 'Nils Mayert', '123', '123', 'gender', 'Jakarta', '2016-06-08', '12345', 'tidak', 'universitas', 'nama_sekolah', 'umum', 'sekolah', 'tidak', 'Surabaya', '1', '2', 'Yogyakarta', 'Surabaya', 'Medan', 'uploads/peserta1/Alibaba Account.PNG', 'uploads/peserta1/Alibaba Account.PNG', 'uploads/peserta1/Alibaba Account.PNG', 'uploads/peserta1/Alibaba Account.PNG', 'uploads/peserta1/Alibaba Account.PNG', 'uploads/peserta1/Alibaba Account.PNG', '[\"website\",\"bing\"]', 'setuju', 0, '2024-09-14 17:11:50', '2024-09-16 00:54:58'),
(414, 'hackett.leon@example.org', 12, 4, '[\"teman\",\"instagram\"]', 'uploads/peserta1/Alibaba Account.PNG', 'Mr. Chase Stoltenberg', '123', '123', 'gender', 'Surabaya', '2014-11-29', '12345', 'tidak', 'universitas', 'nama_sekolah', 'umum', 'sekolah', 'tidak', 'Yogyakarta', '1', '2', 'Medan', 'Jakarta', 'Jakarta', 'uploads/peserta1/Alibaba Account.PNG', 'uploads/peserta1/Alibaba Account.PNG', 'uploads/peserta1/Alibaba Account.PNG', 'uploads/peserta1/Alibaba Account.PNG', 'uploads/peserta1/Alibaba Account.PNG', 'uploads/peserta1/Alibaba Account.PNG', '[\"website\",\"bing\"]', 'setuju', 0, '2024-09-14 17:11:50', '2024-09-16 00:54:58'),
(415, 'rhiannon.schneider@example.net', 12, 4, '[\"teman\",\"instagram\"]', 'uploads/peserta1/Alibaba Account.PNG', 'Kraig Koepp', '123', '123', 'gender', 'Surabaya', '2005-03-07', '12345', 'tidak', 'universitas', 'nama_sekolah', 'umum', 'sekolah', 'tidak', 'Surabaya', '1', '2', 'Surabaya', 'Yogyakarta', 'Jakarta', 'uploads/peserta1/Alibaba Account.PNG', 'uploads/peserta1/Alibaba Account.PNG', 'uploads/peserta1/Alibaba Account.PNG', 'uploads/peserta1/Alibaba Account.PNG', 'uploads/peserta1/Alibaba Account.PNG', 'uploads/peserta1/Alibaba Account.PNG', '[\"website\",\"bing\"]', 'setuju', 0, '2024-09-14 17:11:50', '2024-09-16 00:54:58'),
(416, 'hand.sister@example.net', 13, 4, '[\"teman\",\"instagram\"]', 'uploads/peserta1/Alibaba Account.PNG', 'Dario Orn', '123', '123', 'gender', 'Bandung', '2022-04-24', '12345', 'tidak', 'universitas', 'nama_sekolah', 'umum', 'sekolah', 'tidak', 'Yogyakarta', '1', '2', 'Jakarta', 'Jakarta', 'Yogyakarta', 'uploads/peserta1/Alibaba Account.PNG', 'uploads/peserta1/Alibaba Account.PNG', 'uploads/peserta1/Alibaba Account.PNG', 'uploads/peserta1/Alibaba Account.PNG', 'uploads/peserta1/Alibaba Account.PNG', 'uploads/peserta1/Alibaba Account.PNG', '[\"website\",\"bing\"]', 'setuju', 0, '2024-09-14 17:12:00', '2024-09-16 00:54:58'),
(417, 'wbreitenberg@example.net', 13, 4, '[\"teman\",\"instagram\"]', 'uploads/peserta1/Alibaba Account.PNG', 'Amie Jast', '123', '123', 'gender', 'Yogyakarta', '2016-02-29', '12345', 'tidak', 'universitas', 'nama_sekolah', 'umum', 'sekolah', 'tidak', 'Jakarta', '1', '2', 'Bandung', 'Yogyakarta', 'Surabaya', 'uploads/peserta1/Alibaba Account.PNG', 'uploads/peserta1/Alibaba Account.PNG', 'uploads/peserta1/Alibaba Account.PNG', 'uploads/peserta1/Alibaba Account.PNG', 'uploads/peserta1/Alibaba Account.PNG', 'uploads/peserta1/Alibaba Account.PNG', '[\"website\",\"bing\"]', 'setuju', 0, '2024-09-14 17:12:00', '2024-09-16 00:54:58'),
(418, 'zulauf.eleazar@example.com', 13, 4, '[\"teman\",\"instagram\"]', 'uploads/peserta1/Alibaba Account.PNG', 'Sally Gulgowski', '123', '123', 'gender', 'Yogyakarta', '1989-01-26', '12345', 'tidak', 'universitas', 'nama_sekolah', 'umum', 'sekolah', 'tidak', 'Bandung', '1', '2', 'Jakarta', 'Medan', 'Bandung', 'uploads/peserta1/Alibaba Account.PNG', 'uploads/peserta1/Alibaba Account.PNG', 'uploads/peserta1/Alibaba Account.PNG', 'uploads/peserta1/Alibaba Account.PNG', 'uploads/peserta1/Alibaba Account.PNG', 'uploads/peserta1/Alibaba Account.PNG', '[\"website\",\"bing\"]', 'setuju', 0, '2024-09-14 17:12:00', '2024-09-16 00:54:58'),
(419, 'vhahn@example.net', 13, 4, '[\"teman\",\"instagram\"]', 'uploads/peserta1/Alibaba Account.PNG', 'Kelli Sipes', '123', '123', 'gender', 'Medan', '1995-09-05', '12345', 'tidak', 'universitas', 'nama_sekolah', 'umum', 'sekolah', 'tidak', 'Bandung', '1', '2', 'Yogyakarta', 'Bandung', 'Bandung', 'uploads/peserta1/Alibaba Account.PNG', 'uploads/peserta1/Alibaba Account.PNG', 'uploads/peserta1/Alibaba Account.PNG', 'uploads/peserta1/Alibaba Account.PNG', 'uploads/peserta1/Alibaba Account.PNG', 'uploads/peserta1/Alibaba Account.PNG', '[\"website\",\"bing\"]', 'setuju', 0, '2024-09-14 17:12:00', '2024-09-16 00:54:58');
INSERT INTO `peserta_pelatihan` (`id`, `email`, `id_jurusan`, `id_gelombang`, `info_pelatihan`, `ss_instagram`, `nama_lengkap`, `nik`, `kartu_keluarga`, `jenis_kelamin`, `tempat_lahir`, `tanggal_lahir`, `nomor_hp`, `disabilitas`, `pendidikan_terakhir`, `nama_sekolah`, `kejuruan`, `aktivitas_saat_ini`, `rumah_susun`, `alamat_rumah`, `rt`, `rw`, `kelurahan`, `kecamatan`, `kota_madya`, `file_ktp`, `file_domisili`, `file_kk`, `file_ijasah`, `photo`, `file_vaksin`, `alternatif_kejuruan`, `persetujuan`, `status`, `created_at`, `updated_at`) VALUES
(420, 'halie46@example.org', 13, 4, '[\"teman\",\"instagram\"]', 'uploads/peserta1/Alibaba Account.PNG', 'Dr. Kelly Romaguera', '123', '123', 'gender', 'Medan', '2010-02-06', '12345', 'tidak', 'universitas', 'nama_sekolah', 'umum', 'sekolah', 'tidak', 'Yogyakarta', '1', '2', 'Bandung', 'Surabaya', 'Yogyakarta', 'uploads/peserta1/Alibaba Account.PNG', 'uploads/peserta1/Alibaba Account.PNG', 'uploads/peserta1/Alibaba Account.PNG', 'uploads/peserta1/Alibaba Account.PNG', 'uploads/peserta1/Alibaba Account.PNG', 'uploads/peserta1/Alibaba Account.PNG', '[\"website\",\"bing\"]', 'setuju', 0, '2024-09-14 17:12:00', '2024-09-16 00:54:58'),
(421, 'hauck.cheyenne@example.net', 14, 4, '[\"teman\",\"instagram\"]', 'uploads/peserta1/Alibaba Account.PNG', 'Salvador Powlowski', '123', '123', 'gender', 'Surabaya', '1978-05-14', '12345', 'tidak', 'universitas', 'nama_sekolah', 'umum', 'sekolah', 'tidak', 'Surabaya', '1', '2', 'Bandung', 'Bandung', 'Bandung', 'uploads/peserta1/Alibaba Account.PNG', 'uploads/peserta1/Alibaba Account.PNG', 'uploads/peserta1/Alibaba Account.PNG', 'uploads/peserta1/Alibaba Account.PNG', 'uploads/peserta1/Alibaba Account.PNG', 'uploads/peserta1/Alibaba Account.PNG', '[\"website\",\"bing\"]', 'setuju', 0, '2024-09-14 17:12:08', '2024-09-16 00:54:58'),
(422, 'erunolfsdottir@example.net', 14, 4, '[\"teman\",\"instagram\"]', 'uploads/peserta1/Alibaba Account.PNG', 'Aurelie Corwin', '123', '123', 'gender', 'Bandung', '2010-07-27', '12345', 'tidak', 'universitas', 'nama_sekolah', 'umum', 'sekolah', 'tidak', 'Surabaya', '1', '2', 'Surabaya', 'Medan', 'Bandung', 'uploads/peserta1/Alibaba Account.PNG', 'uploads/peserta1/Alibaba Account.PNG', 'uploads/peserta1/Alibaba Account.PNG', 'uploads/peserta1/Alibaba Account.PNG', 'uploads/peserta1/Alibaba Account.PNG', 'uploads/peserta1/Alibaba Account.PNG', '[\"website\",\"bing\"]', 'setuju', 0, '2024-09-14 17:12:08', '2024-09-16 00:54:58'),
(423, 'mdietrich@example.org', 14, 4, '[\"teman\",\"instagram\"]', 'uploads/peserta1/Alibaba Account.PNG', 'Zachery Walsh', '123', '123', 'gender', 'Jakarta', '2020-04-19', '12345', 'tidak', 'universitas', 'nama_sekolah', 'umum', 'sekolah', 'tidak', 'Surabaya', '1', '2', 'Surabaya', 'Medan', 'Yogyakarta', 'uploads/peserta1/Alibaba Account.PNG', 'uploads/peserta1/Alibaba Account.PNG', 'uploads/peserta1/Alibaba Account.PNG', 'uploads/peserta1/Alibaba Account.PNG', 'uploads/peserta1/Alibaba Account.PNG', 'uploads/peserta1/Alibaba Account.PNG', '[\"website\",\"bing\"]', 'setuju', 0, '2024-09-14 17:12:08', '2024-09-16 00:54:58'),
(424, 'amiya.gusikowski@example.net', 14, 4, '[\"teman\",\"instagram\"]', 'uploads/peserta1/Alibaba Account.PNG', 'Helmer Lehner', '123', '123', 'gender', 'Yogyakarta', '2009-05-03', '12345', 'tidak', 'universitas', 'nama_sekolah', 'umum', 'sekolah', 'tidak', 'Bandung', '1', '2', 'Surabaya', 'Medan', 'Surabaya', 'uploads/peserta1/Alibaba Account.PNG', 'uploads/peserta1/Alibaba Account.PNG', 'uploads/peserta1/Alibaba Account.PNG', 'uploads/peserta1/Alibaba Account.PNG', 'uploads/peserta1/Alibaba Account.PNG', 'uploads/peserta1/Alibaba Account.PNG', '[\"website\",\"bing\"]', 'setuju', 0, '2024-09-14 17:12:08', '2024-09-16 00:54:58'),
(425, 'hermiston.alexane@example.net', 14, 4, '[\"teman\",\"instagram\"]', 'uploads/peserta1/Alibaba Account.PNG', 'Carmela Ruecker', '123', '123', 'gender', 'Yogyakarta', '2015-10-04', '12345', 'tidak', 'universitas', 'nama_sekolah', 'umum', 'sekolah', 'tidak', 'Jakarta', '1', '2', 'Surabaya', 'Medan', 'Jakarta', 'uploads/peserta1/Alibaba Account.PNG', 'uploads/peserta1/Alibaba Account.PNG', 'uploads/peserta1/Alibaba Account.PNG', 'uploads/peserta1/Alibaba Account.PNG', 'uploads/peserta1/Alibaba Account.PNG', 'uploads/peserta1/Alibaba Account.PNG', '[\"website\",\"bing\"]', 'setuju', 0, '2024-09-14 17:12:08', '2024-09-16 00:54:58'),
(426, 'iziemann@example.com', 14, 4, '[\"teman\",\"instagram\"]', 'uploads/peserta1/Alibaba Account.PNG', 'Brook Bashirian', '123', '123', 'gender', 'Medan', '1991-09-29', '12345', 'tidak', 'universitas', 'nama_sekolah', 'umum', 'sekolah', 'tidak', 'Medan', '1', '2', 'Jakarta', 'Bandung', 'Yogyakarta', 'uploads/peserta1/Alibaba Account.PNG', 'uploads/peserta1/Alibaba Account.PNG', 'uploads/peserta1/Alibaba Account.PNG', 'uploads/peserta1/Alibaba Account.PNG', 'uploads/peserta1/Alibaba Account.PNG', 'uploads/peserta1/Alibaba Account.PNG', '[\"website\",\"bing\"]', 'setuju', 0, '2024-09-14 17:12:08', '2024-09-16 00:54:58'),
(427, 'flang@example.net', 14, 4, '[\"teman\",\"instagram\"]', 'uploads/peserta1/Alibaba Account.PNG', 'Jadyn Schultz', '123', '123', 'gender', 'Jakarta', '2021-05-17', '12345', 'tidak', 'universitas', 'nama_sekolah', 'umum', 'sekolah', 'tidak', 'Yogyakarta', '1', '2', 'Jakarta', 'Surabaya', 'Yogyakarta', 'uploads/peserta1/Alibaba Account.PNG', 'uploads/peserta1/Alibaba Account.PNG', 'uploads/peserta1/Alibaba Account.PNG', 'uploads/peserta1/Alibaba Account.PNG', 'uploads/peserta1/Alibaba Account.PNG', 'uploads/peserta1/Alibaba Account.PNG', '[\"website\",\"bing\"]', 'setuju', 0, '2024-09-14 17:12:08', '2024-09-16 00:54:58'),
(428, 'morar.theron@example.com', 14, 4, '[\"teman\",\"instagram\"]', 'uploads/peserta1/Alibaba Account.PNG', 'Lenore Gorczany', '123', '123', 'gender', 'Surabaya', '2014-02-07', '12345', 'tidak', 'universitas', 'nama_sekolah', 'umum', 'sekolah', 'tidak', 'Bandung', '1', '2', 'Jakarta', 'Yogyakarta', 'Bandung', 'uploads/peserta1/Alibaba Account.PNG', 'uploads/peserta1/Alibaba Account.PNG', 'uploads/peserta1/Alibaba Account.PNG', 'uploads/peserta1/Alibaba Account.PNG', 'uploads/peserta1/Alibaba Account.PNG', 'uploads/peserta1/Alibaba Account.PNG', '[\"website\",\"bing\"]', 'setuju', 0, '2024-09-14 17:12:08', '2024-09-16 00:54:58'),
(429, 'astoltenberg@example.org', 14, 4, '[\"teman\",\"instagram\"]', 'uploads/peserta1/Alibaba Account.PNG', 'Litzy Langosh', '123', '123', 'gender', 'Bandung', '2022-07-21', '12345', 'tidak', 'universitas', 'nama_sekolah', 'umum', 'sekolah', 'tidak', 'Yogyakarta', '1', '2', 'Bandung', 'Surabaya', 'Jakarta', 'uploads/peserta1/Alibaba Account.PNG', 'uploads/peserta1/Alibaba Account.PNG', 'uploads/peserta1/Alibaba Account.PNG', 'uploads/peserta1/Alibaba Account.PNG', 'uploads/peserta1/Alibaba Account.PNG', 'uploads/peserta1/Alibaba Account.PNG', '[\"website\",\"bing\"]', 'setuju', 0, '2024-09-14 17:12:08', '2024-09-16 00:54:58'),
(430, 'jalon80@example.net', 14, 4, '[\"teman\",\"instagram\"]', 'uploads/peserta1/Alibaba Account.PNG', 'Dulce Schaden PhD', '123', '123', 'gender', 'Jakarta', '2012-04-20', '12345', 'tidak', 'universitas', 'nama_sekolah', 'umum', 'sekolah', 'tidak', 'Bandung', '1', '2', 'Bandung', 'Yogyakarta', 'Medan', 'uploads/peserta1/Alibaba Account.PNG', 'uploads/peserta1/Alibaba Account.PNG', 'uploads/peserta1/Alibaba Account.PNG', 'uploads/peserta1/Alibaba Account.PNG', 'uploads/peserta1/Alibaba Account.PNG', 'uploads/peserta1/Alibaba Account.PNG', '[\"website\",\"bing\"]', 'setuju', 0, '2024-09-14 17:12:08', '2024-09-16 00:54:58'),
(431, 'dalton.ferry@example.com', 15, 4, '[\"teman\",\"instagram\"]', 'uploads/peserta1/Alibaba Account.PNG', 'Dr. Jeffery Rath', '123', '123', 'gender', 'Jakarta', '1992-01-20', '12345', 'tidak', 'universitas', 'nama_sekolah', 'umum', 'sekolah', 'tidak', 'Medan', '1', '2', 'Surabaya', 'Jakarta', 'Medan', 'uploads/peserta1/Alibaba Account.PNG', 'uploads/peserta1/Alibaba Account.PNG', 'uploads/peserta1/Alibaba Account.PNG', 'uploads/peserta1/Alibaba Account.PNG', 'uploads/peserta1/Alibaba Account.PNG', 'uploads/peserta1/Alibaba Account.PNG', '[\"website\",\"bing\"]', 'setuju', 0, '2024-09-14 17:12:27', '2024-09-16 00:54:58'),
(432, 'kautzer.devon@example.org', 15, 4, '[\"teman\",\"instagram\"]', 'uploads/peserta1/Alibaba Account.PNG', 'Evert Botsford DVM', '123', '123', 'gender', 'Bandung', '2016-10-07', '12345', 'tidak', 'universitas', 'nama_sekolah', 'umum', 'sekolah', 'tidak', 'Bandung', '1', '2', 'Bandung', 'Yogyakarta', 'Yogyakarta', 'uploads/peserta1/Alibaba Account.PNG', 'uploads/peserta1/Alibaba Account.PNG', 'uploads/peserta1/Alibaba Account.PNG', 'uploads/peserta1/Alibaba Account.PNG', 'uploads/peserta1/Alibaba Account.PNG', 'uploads/peserta1/Alibaba Account.PNG', '[\"website\",\"bing\"]', 'setuju', 0, '2024-09-14 17:12:27', '2024-09-16 00:54:58'),
(433, 'mbecker@example.org', 15, 4, '[\"teman\",\"instagram\"]', 'uploads/peserta1/Alibaba Account.PNG', 'Loyal Parker', '123', '123', 'gender', 'Jakarta', '1997-09-17', '12345', 'tidak', 'universitas', 'nama_sekolah', 'umum', 'sekolah', 'tidak', 'Yogyakarta', '1', '2', 'Jakarta', 'Jakarta', 'Surabaya', 'uploads/peserta1/Alibaba Account.PNG', 'uploads/peserta1/Alibaba Account.PNG', 'uploads/peserta1/Alibaba Account.PNG', 'uploads/peserta1/Alibaba Account.PNG', 'uploads/peserta1/Alibaba Account.PNG', 'uploads/peserta1/Alibaba Account.PNG', '[\"website\",\"bing\"]', 'setuju', 0, '2024-09-14 17:12:27', '2024-09-16 00:54:58'),
(434, 'vfarrell@example.com', 15, 4, '[\"teman\",\"instagram\"]', 'uploads/peserta1/Alibaba Account.PNG', 'Skylar Gibson', '123', '123', 'gender', 'Yogyakarta', '2023-03-07', '12345', 'tidak', 'universitas', 'nama_sekolah', 'umum', 'sekolah', 'tidak', 'Yogyakarta', '1', '2', 'Jakarta', 'Yogyakarta', 'Yogyakarta', 'uploads/peserta1/Alibaba Account.PNG', 'uploads/peserta1/Alibaba Account.PNG', 'uploads/peserta1/Alibaba Account.PNG', 'uploads/peserta1/Alibaba Account.PNG', 'uploads/peserta1/Alibaba Account.PNG', 'uploads/peserta1/Alibaba Account.PNG', '[\"website\",\"bing\"]', 'setuju', 0, '2024-09-14 17:12:27', '2024-09-16 00:54:58'),
(435, 'evalyn.grimes@example.com', 15, 4, '[\"teman\",\"instagram\"]', 'uploads/peserta1/Alibaba Account.PNG', 'Mrs. Harmony Kautzer DVM', '123', '123', 'gender', 'Bandung', '1974-03-23', '12345', 'tidak', 'universitas', 'nama_sekolah', 'umum', 'sekolah', 'tidak', 'Yogyakarta', '1', '2', 'Yogyakarta', 'Surabaya', 'Surabaya', 'uploads/peserta1/Alibaba Account.PNG', 'uploads/peserta1/Alibaba Account.PNG', 'uploads/peserta1/Alibaba Account.PNG', 'uploads/peserta1/Alibaba Account.PNG', 'uploads/peserta1/Alibaba Account.PNG', 'uploads/peserta1/Alibaba Account.PNG', '[\"website\",\"bing\"]', 'setuju', 0, '2024-09-14 17:12:27', '2024-09-16 00:54:58'),
(436, 'lstoltenberg@example.org', 15, 4, '[\"teman\",\"instagram\"]', 'uploads/peserta1/Alibaba Account.PNG', 'Kaylee Feest', '123', '123', 'gender', 'Surabaya', '1992-07-20', '12345', 'tidak', 'universitas', 'nama_sekolah', 'umum', 'sekolah', 'tidak', 'Jakarta', '1', '2', 'Surabaya', 'Bandung', 'Bandung', 'uploads/peserta1/Alibaba Account.PNG', 'uploads/peserta1/Alibaba Account.PNG', 'uploads/peserta1/Alibaba Account.PNG', 'uploads/peserta1/Alibaba Account.PNG', 'uploads/peserta1/Alibaba Account.PNG', 'uploads/peserta1/Alibaba Account.PNG', '[\"website\",\"bing\"]', 'setuju', 0, '2024-09-14 17:12:27', '2024-09-16 00:54:58'),
(437, 'rosanna.klocko@example.com', 15, 4, '[\"teman\",\"instagram\"]', 'uploads/peserta1/Alibaba Account.PNG', 'Nicholas Schneider', '123', '123', 'gender', 'Jakarta', '1977-11-13', '12345', 'tidak', 'universitas', 'nama_sekolah', 'umum', 'sekolah', 'tidak', 'Bandung', '1', '2', 'Bandung', 'Surabaya', 'Jakarta', 'uploads/peserta1/Alibaba Account.PNG', 'uploads/peserta1/Alibaba Account.PNG', 'uploads/peserta1/Alibaba Account.PNG', 'uploads/peserta1/Alibaba Account.PNG', 'uploads/peserta1/Alibaba Account.PNG', 'uploads/peserta1/Alibaba Account.PNG', '[\"website\",\"bing\"]', 'setuju', 0, '2024-09-14 17:12:27', '2024-09-16 00:54:58'),
(438, 'maegan.schoen@example.net', 15, 4, '[\"teman\",\"instagram\"]', 'uploads/peserta1/Alibaba Account.PNG', 'Lew Donnelly', '123', '123', 'gender', 'Yogyakarta', '2016-11-08', '12345', 'tidak', 'universitas', 'nama_sekolah', 'umum', 'sekolah', 'tidak', 'Yogyakarta', '1', '2', 'Bandung', 'Bandung', 'Surabaya', 'uploads/peserta1/Alibaba Account.PNG', 'uploads/peserta1/Alibaba Account.PNG', 'uploads/peserta1/Alibaba Account.PNG', 'uploads/peserta1/Alibaba Account.PNG', 'uploads/peserta1/Alibaba Account.PNG', 'uploads/peserta1/Alibaba Account.PNG', '[\"website\",\"bing\"]', 'setuju', 0, '2024-09-14 17:12:27', '2024-09-16 00:54:58'),
(439, 'zieme.breanna@example.net', 15, 4, '[\"teman\",\"instagram\"]', 'uploads/peserta1/Alibaba Account.PNG', 'Dr. Julio Bauch PhD', '123', '123', 'gender', 'Medan', '1978-02-28', '12345', 'tidak', 'universitas', 'nama_sekolah', 'umum', 'sekolah', 'tidak', 'Medan', '1', '2', 'Jakarta', 'Surabaya', 'Bandung', 'uploads/peserta1/Alibaba Account.PNG', 'uploads/peserta1/Alibaba Account.PNG', 'uploads/peserta1/Alibaba Account.PNG', 'uploads/peserta1/Alibaba Account.PNG', 'uploads/peserta1/Alibaba Account.PNG', 'uploads/peserta1/Alibaba Account.PNG', '[\"website\",\"bing\"]', 'setuju', 0, '2024-09-14 17:12:27', '2024-09-16 00:54:58'),
(440, 'bstracke@example.com', 15, 4, '[\"teman\",\"instagram\"]', 'uploads/peserta1/Alibaba Account.PNG', 'Prof. Adan Lakin II', '123', '123', 'gender', 'Jakarta', '1981-06-25', '12345', 'tidak', 'universitas', 'nama_sekolah', 'umum', 'sekolah', 'tidak', 'Yogyakarta', '1', '2', 'Yogyakarta', 'Bandung', 'Jakarta', 'uploads/peserta1/Alibaba Account.PNG', 'uploads/peserta1/Alibaba Account.PNG', 'uploads/peserta1/Alibaba Account.PNG', 'uploads/peserta1/Alibaba Account.PNG', 'uploads/peserta1/Alibaba Account.PNG', 'uploads/peserta1/Alibaba Account.PNG', '[\"website\",\"bing\"]', 'setuju', 0, '2024-09-14 17:12:27', '2024-09-16 00:54:58'),
(441, 'blick.carissa@example.net', 15, 4, '[\"teman\",\"instagram\"]', 'uploads/peserta1/Alibaba Account.PNG', 'Keara Hessel', '123', '123', 'gender', 'Jakarta', '1970-06-04', '12345', 'tidak', 'universitas', 'nama_sekolah', 'umum', 'sekolah', 'tidak', 'Surabaya', '1', '2', 'Surabaya', 'Yogyakarta', 'Yogyakarta', 'uploads/peserta1/Alibaba Account.PNG', 'uploads/peserta1/Alibaba Account.PNG', 'uploads/peserta1/Alibaba Account.PNG', 'uploads/peserta1/Alibaba Account.PNG', 'uploads/peserta1/Alibaba Account.PNG', 'uploads/peserta1/Alibaba Account.PNG', '[\"website\",\"bing\"]', 'setuju', 0, '2024-09-14 17:12:27', '2024-09-16 00:54:58'),
(442, 'opredovic@example.net', 15, 4, '[\"teman\",\"instagram\"]', 'uploads/peserta1/Alibaba Account.PNG', 'Mr. Fidel VonRueden III', '123', '123', 'gender', 'Yogyakarta', '2003-11-14', '12345', 'tidak', 'universitas', 'nama_sekolah', 'umum', 'sekolah', 'tidak', 'Bandung', '1', '2', 'Jakarta', 'Bandung', 'Jakarta', 'uploads/peserta1/Alibaba Account.PNG', 'uploads/peserta1/Alibaba Account.PNG', 'uploads/peserta1/Alibaba Account.PNG', 'uploads/peserta1/Alibaba Account.PNG', 'uploads/peserta1/Alibaba Account.PNG', 'uploads/peserta1/Alibaba Account.PNG', '[\"website\",\"bing\"]', 'setuju', 0, '2024-09-14 17:12:27', '2024-09-16 00:54:58'),
(443, 'macie.tromp@example.org', 15, 4, '[\"teman\",\"instagram\"]', 'uploads/peserta1/Alibaba Account.PNG', 'Chloe Goodwin', '123', '123', 'gender', 'Bandung', '1993-04-29', '12345', 'tidak', 'universitas', 'nama_sekolah', 'umum', 'sekolah', 'tidak', 'Bandung', '1', '2', 'Surabaya', 'Surabaya', 'Jakarta', 'uploads/peserta1/Alibaba Account.PNG', 'uploads/peserta1/Alibaba Account.PNG', 'uploads/peserta1/Alibaba Account.PNG', 'uploads/peserta1/Alibaba Account.PNG', 'uploads/peserta1/Alibaba Account.PNG', 'uploads/peserta1/Alibaba Account.PNG', '[\"website\",\"bing\"]', 'setuju', 0, '2024-09-14 17:12:27', '2024-09-16 00:54:58'),
(444, 'modesto.medhurst@example.org', 15, 4, '[\"teman\",\"instagram\"]', 'uploads/peserta1/Alibaba Account.PNG', 'Juanita Kessler I', '123', '123', 'gender', 'Jakarta', '2023-08-29', '12345', 'tidak', 'universitas', 'nama_sekolah', 'umum', 'sekolah', 'tidak', 'Surabaya', '1', '2', 'Yogyakarta', 'Medan', 'Bandung', 'uploads/peserta1/Alibaba Account.PNG', 'uploads/peserta1/Alibaba Account.PNG', 'uploads/peserta1/Alibaba Account.PNG', 'uploads/peserta1/Alibaba Account.PNG', 'uploads/peserta1/Alibaba Account.PNG', 'uploads/peserta1/Alibaba Account.PNG', '[\"website\",\"bing\"]', 'setuju', 0, '2024-09-14 17:12:27', '2024-09-16 00:54:58'),
(445, 'mattie.kertzmann@example.org', 15, 4, '[\"teman\",\"instagram\"]', 'uploads/peserta1/Alibaba Account.PNG', 'Shaun Connelly', '123', '123', 'gender', 'Medan', '2013-08-18', '12345', 'tidak', 'universitas', 'nama_sekolah', 'umum', 'sekolah', 'tidak', 'Jakarta', '1', '2', 'Medan', 'Jakarta', 'Jakarta', 'uploads/peserta1/Alibaba Account.PNG', 'uploads/peserta1/Alibaba Account.PNG', 'uploads/peserta1/Alibaba Account.PNG', 'uploads/peserta1/Alibaba Account.PNG', 'uploads/peserta1/Alibaba Account.PNG', 'uploads/peserta1/Alibaba Account.PNG', '[\"website\",\"bing\"]', 'setuju', 0, '2024-09-14 17:12:27', '2024-09-16 00:54:58'),
(446, 'elowe@example.net', 16, 4, '[\"teman\",\"instagram\"]', 'uploads/peserta1/Alibaba Account.PNG', 'Amari Mertz', '123', '123', 'gender', 'Medan', '1983-08-28', '12345', 'tidak', 'universitas', 'nama_sekolah', 'umum', 'sekolah', 'tidak', 'Surabaya', '1', '2', 'Yogyakarta', 'Yogyakarta', 'Medan', 'uploads/peserta1/Alibaba Account.PNG', 'uploads/peserta1/Alibaba Account.PNG', 'uploads/peserta1/Alibaba Account.PNG', 'uploads/peserta1/Alibaba Account.PNG', 'uploads/peserta1/Alibaba Account.PNG', 'uploads/peserta1/Alibaba Account.PNG', '[\"website\",\"bing\"]', 'setuju', 1, '2024-09-14 17:12:36', '2024-09-16 21:32:52'),
(447, 'cmarvin@example.com', 16, 4, '[\"teman\",\"instagram\"]', 'uploads/peserta1/Alibaba Account.PNG', 'Leopold Haag', '123', '123', 'gender', 'Medan', '1991-11-27', '12345', 'tidak', 'universitas', 'nama_sekolah', 'umum', 'sekolah', 'tidak', 'Jakarta', '1', '2', 'Medan', 'Medan', 'Yogyakarta', 'uploads/peserta1/Alibaba Account.PNG', 'uploads/peserta1/Alibaba Account.PNG', 'uploads/peserta1/Alibaba Account.PNG', 'uploads/peserta1/Alibaba Account.PNG', 'uploads/peserta1/Alibaba Account.PNG', 'uploads/peserta1/Alibaba Account.PNG', '[\"website\",\"bing\"]', 'setuju', 0, '2024-09-14 17:12:36', '2024-09-16 00:54:58'),
(448, 'jakob.rice@example.com', 16, 4, '[\"teman\",\"instagram\"]', 'uploads/peserta1/Alibaba Account.PNG', 'Madelyn Breitenberg', '123', '123', 'gender', 'Bandung', '1993-01-12', '12345', 'tidak', 'universitas', 'nama_sekolah', 'umum', 'sekolah', 'tidak', 'Yogyakarta', '1', '2', 'Yogyakarta', 'Yogyakarta', 'Bandung', 'uploads/peserta1/Alibaba Account.PNG', 'uploads/peserta1/Alibaba Account.PNG', 'uploads/peserta1/Alibaba Account.PNG', 'uploads/peserta1/Alibaba Account.PNG', 'uploads/peserta1/Alibaba Account.PNG', 'uploads/peserta1/Alibaba Account.PNG', '[\"website\",\"bing\"]', 'setuju', 0, '2024-09-14 17:12:36', '2024-09-16 00:54:58'),
(449, 'eleazar.damore@example.com', 16, 4, '[\"teman\",\"instagram\"]', 'uploads/peserta1/Alibaba Account.PNG', 'Guadalupe Willms', '123', '123', 'gender', 'Medan', '2024-03-15', '12345', 'tidak', 'universitas', 'nama_sekolah', 'umum', 'sekolah', 'tidak', 'Jakarta', '1', '2', 'Jakarta', 'Medan', 'Surabaya', 'uploads/peserta1/Alibaba Account.PNG', 'uploads/peserta1/Alibaba Account.PNG', 'uploads/peserta1/Alibaba Account.PNG', 'uploads/peserta1/Alibaba Account.PNG', 'uploads/peserta1/Alibaba Account.PNG', 'uploads/peserta1/Alibaba Account.PNG', '[\"website\",\"bing\"]', 'setuju', 0, '2024-09-14 17:12:36', '2024-09-16 00:54:58'),
(450, 'kdooley@example.net', 16, 4, '[\"teman\",\"instagram\"]', 'uploads/peserta1/Alibaba Account.PNG', 'August Weimann', '123', '123', 'gender', 'Yogyakarta', '1987-08-14', '12345', 'tidak', 'universitas', 'nama_sekolah', 'umum', 'sekolah', 'tidak', 'Medan', '1', '2', 'Yogyakarta', 'Bandung', 'Bandung', 'uploads/peserta1/Alibaba Account.PNG', 'uploads/peserta1/Alibaba Account.PNG', 'uploads/peserta1/Alibaba Account.PNG', 'uploads/peserta1/Alibaba Account.PNG', 'uploads/peserta1/Alibaba Account.PNG', 'uploads/peserta1/Alibaba Account.PNG', '[\"website\",\"bing\"]', 'setuju', 0, '2024-09-14 17:12:36', '2024-09-16 00:54:58'),
(451, 'uframi@example.org', 16, 4, '[\"teman\",\"instagram\"]', 'uploads/peserta1/Alibaba Account.PNG', 'Mr. Einar Larkin', '123', '123', 'gender', 'Medan', '2005-04-19', '12345', 'tidak', 'universitas', 'nama_sekolah', 'umum', 'sekolah', 'tidak', 'Medan', '1', '2', 'Medan', 'Yogyakarta', 'Yogyakarta', 'uploads/peserta1/Alibaba Account.PNG', 'uploads/peserta1/Alibaba Account.PNG', 'uploads/peserta1/Alibaba Account.PNG', 'uploads/peserta1/Alibaba Account.PNG', 'uploads/peserta1/Alibaba Account.PNG', 'uploads/peserta1/Alibaba Account.PNG', '[\"website\",\"bing\"]', 'setuju', 0, '2024-09-14 17:12:36', '2024-09-16 00:54:58'),
(452, 'dlegros@example.com', 16, 4, '[\"teman\",\"instagram\"]', 'uploads/peserta1/Alibaba Account.PNG', 'Terrance Doyle', '123', '123', 'gender', 'Surabaya', '1983-07-05', '12345', 'tidak', 'universitas', 'nama_sekolah', 'umum', 'sekolah', 'tidak', 'Medan', '1', '2', 'Bandung', 'Surabaya', 'Yogyakarta', 'uploads/peserta1/Alibaba Account.PNG', 'uploads/peserta1/Alibaba Account.PNG', 'uploads/peserta1/Alibaba Account.PNG', 'uploads/peserta1/Alibaba Account.PNG', 'uploads/peserta1/Alibaba Account.PNG', 'uploads/peserta1/Alibaba Account.PNG', '[\"website\",\"bing\"]', 'setuju', 0, '2024-09-14 17:12:36', '2024-09-16 00:54:58'),
(453, 'hartmann.milan@example.org', 16, 4, '[\"teman\",\"instagram\"]', 'uploads/peserta1/Alibaba Account.PNG', 'Mckenzie Kohler', '123', '123', 'gender', 'Jakarta', '1998-04-23', '12345', 'tidak', 'universitas', 'nama_sekolah', 'umum', 'sekolah', 'tidak', 'Yogyakarta', '1', '2', 'Bandung', 'Surabaya', 'Yogyakarta', 'uploads/peserta1/Alibaba Account.PNG', 'uploads/peserta1/Alibaba Account.PNG', 'uploads/peserta1/Alibaba Account.PNG', 'uploads/peserta1/Alibaba Account.PNG', 'uploads/peserta1/Alibaba Account.PNG', 'uploads/peserta1/Alibaba Account.PNG', '[\"website\",\"bing\"]', 'setuju', 0, '2024-09-14 17:12:36', '2024-09-16 00:54:58'),
(454, 'ashlee.wilderman@example.net', 16, 4, '[\"teman\",\"instagram\"]', 'uploads/peserta1/Alibaba Account.PNG', 'Mrs. Kali Robel', '123', '123', 'gender', 'Medan', '2021-09-15', '12345', 'tidak', 'universitas', 'nama_sekolah', 'umum', 'sekolah', 'tidak', 'Yogyakarta', '1', '2', 'Jakarta', 'Bandung', 'Jakarta', 'uploads/peserta1/Alibaba Account.PNG', 'uploads/peserta1/Alibaba Account.PNG', 'uploads/peserta1/Alibaba Account.PNG', 'uploads/peserta1/Alibaba Account.PNG', 'uploads/peserta1/Alibaba Account.PNG', 'uploads/peserta1/Alibaba Account.PNG', '[\"website\",\"bing\"]', 'setuju', 0, '2024-09-14 17:12:36', '2024-09-16 00:54:58'),
(455, 'kurtis.waelchi@example.org', 16, 4, '[\"teman\",\"instagram\"]', 'uploads/peserta1/Alibaba Account.PNG', 'Makenna Predovic DDS', '123', '123', 'gender', 'Medan', '1970-08-06', '12345', 'tidak', 'universitas', 'nama_sekolah', 'umum', 'sekolah', 'tidak', 'Medan', '1', '2', 'Yogyakarta', 'Bandung', 'Medan', 'uploads/peserta1/Alibaba Account.PNG', 'uploads/peserta1/Alibaba Account.PNG', 'uploads/peserta1/Alibaba Account.PNG', 'uploads/peserta1/Alibaba Account.PNG', 'uploads/peserta1/Alibaba Account.PNG', 'uploads/peserta1/Alibaba Account.PNG', '[\"website\",\"bing\"]', 'setuju', 0, '2024-09-14 17:12:36', '2024-09-16 00:54:58'),
(456, 'leon.graham@example.com', 16, 4, '[\"teman\",\"instagram\"]', 'uploads/peserta1/Alibaba Account.PNG', 'Conor Collins PhD', '123', '123', 'gender', 'Bandung', '1985-03-24', '12345', 'tidak', 'universitas', 'nama_sekolah', 'umum', 'sekolah', 'tidak', 'Surabaya', '1', '2', 'Medan', 'Medan', 'Bandung', 'uploads/peserta1/Alibaba Account.PNG', 'uploads/peserta1/Alibaba Account.PNG', 'uploads/peserta1/Alibaba Account.PNG', 'uploads/peserta1/Alibaba Account.PNG', 'uploads/peserta1/Alibaba Account.PNG', 'uploads/peserta1/Alibaba Account.PNG', '[\"website\",\"bing\"]', 'setuju', 0, '2024-09-14 17:12:36', '2024-09-16 00:54:58'),
(457, 'wmante@example.org', 16, 4, '[\"teman\",\"instagram\"]', 'uploads/peserta1/Alibaba Account.PNG', 'Myrtis Cummings', '123', '123', 'gender', 'Surabaya', '2020-12-16', '12345', 'tidak', 'universitas', 'nama_sekolah', 'umum', 'sekolah', 'tidak', 'Surabaya', '1', '2', 'Jakarta', 'Yogyakarta', 'Medan', 'uploads/peserta1/Alibaba Account.PNG', 'uploads/peserta1/Alibaba Account.PNG', 'uploads/peserta1/Alibaba Account.PNG', 'uploads/peserta1/Alibaba Account.PNG', 'uploads/peserta1/Alibaba Account.PNG', 'uploads/peserta1/Alibaba Account.PNG', '[\"website\",\"bing\"]', 'setuju', 0, '2024-09-14 17:12:36', '2024-09-16 00:54:58'),
(458, 'jackeline69@example.org', 16, 4, '[\"teman\",\"instagram\"]', 'uploads/peserta1/Alibaba Account.PNG', 'Mabelle Braun DVM', '123', '123', 'gender', 'Yogyakarta', '2007-08-21', '12345', 'tidak', 'universitas', 'nama_sekolah', 'umum', 'sekolah', 'tidak', 'Bandung', '1', '2', 'Yogyakarta', 'Jakarta', 'Surabaya', 'uploads/peserta1/Alibaba Account.PNG', 'uploads/peserta1/Alibaba Account.PNG', 'uploads/peserta1/Alibaba Account.PNG', 'uploads/peserta1/Alibaba Account.PNG', 'uploads/peserta1/Alibaba Account.PNG', 'uploads/peserta1/Alibaba Account.PNG', '[\"website\",\"bing\"]', 'setuju', 0, '2024-09-14 17:12:36', '2024-09-16 00:54:58'),
(459, 'jeanne.keebler@example.net', 16, 4, '[\"teman\",\"instagram\"]', 'uploads/peserta1/Alibaba Account.PNG', 'Finn Rath', '123', '123', 'gender', 'Surabaya', '1975-09-01', '12345', 'tidak', 'universitas', 'nama_sekolah', 'umum', 'sekolah', 'tidak', 'Bandung', '1', '2', 'Medan', 'Yogyakarta', 'Yogyakarta', 'uploads/peserta1/Alibaba Account.PNG', 'uploads/peserta1/Alibaba Account.PNG', 'uploads/peserta1/Alibaba Account.PNG', 'uploads/peserta1/Alibaba Account.PNG', 'uploads/peserta1/Alibaba Account.PNG', 'uploads/peserta1/Alibaba Account.PNG', '[\"website\",\"bing\"]', 'setuju', 0, '2024-09-14 17:12:36', '2024-09-16 00:54:58'),
(460, 'mathew.stamm@example.org', 16, 4, '[\"teman\",\"instagram\"]', 'uploads/peserta1/Alibaba Account.PNG', 'Fay Sipes', '123', '123', 'gender', 'Jakarta', '2024-07-03', '12345', 'tidak', 'universitas', 'nama_sekolah', 'umum', 'sekolah', 'tidak', 'Medan', '1', '2', 'Surabaya', 'Yogyakarta', 'Medan', 'uploads/peserta1/Alibaba Account.PNG', 'uploads/peserta1/Alibaba Account.PNG', 'uploads/peserta1/Alibaba Account.PNG', 'uploads/peserta1/Alibaba Account.PNG', 'uploads/peserta1/Alibaba Account.PNG', 'uploads/peserta1/Alibaba Account.PNG', '[\"website\",\"bing\"]', 'setuju', 0, '2024-09-14 17:12:36', '2024-09-16 00:54:58'),
(461, 'goyette.emile@example.org', 16, 4, '[\"teman\",\"instagram\"]', 'uploads/peserta1/Alibaba Account.PNG', 'Tiana Nader I', '123', '123', 'gender', 'Medan', '1977-04-04', '12345', 'tidak', 'universitas', 'nama_sekolah', 'umum', 'sekolah', 'tidak', 'Surabaya', '1', '2', 'Medan', 'Yogyakarta', 'Yogyakarta', 'uploads/peserta1/Alibaba Account.PNG', 'uploads/peserta1/Alibaba Account.PNG', 'uploads/peserta1/Alibaba Account.PNG', 'uploads/peserta1/Alibaba Account.PNG', 'uploads/peserta1/Alibaba Account.PNG', 'uploads/peserta1/Alibaba Account.PNG', '[\"website\",\"bing\"]', 'setuju', 0, '2024-09-14 17:12:36', '2024-09-16 00:54:58'),
(462, 'lelah.lueilwitz@example.net', 16, 4, '[\"teman\",\"instagram\"]', 'uploads/peserta1/Alibaba Account.PNG', 'Haskell Oberbrunner', '123', '123', 'gender', 'Yogyakarta', '2009-05-21', '12345', 'tidak', 'universitas', 'nama_sekolah', 'umum', 'sekolah', 'tidak', 'Medan', '1', '2', 'Medan', 'Surabaya', 'Surabaya', 'uploads/peserta1/Alibaba Account.PNG', 'uploads/peserta1/Alibaba Account.PNG', 'uploads/peserta1/Alibaba Account.PNG', 'uploads/peserta1/Alibaba Account.PNG', 'uploads/peserta1/Alibaba Account.PNG', 'uploads/peserta1/Alibaba Account.PNG', '[\"website\",\"bing\"]', 'setuju', 0, '2024-09-14 17:12:36', '2024-09-16 00:54:58'),
(463, 'zoie.murphy@example.com', 16, 4, '[\"teman\",\"instagram\"]', 'uploads/peserta1/Alibaba Account.PNG', 'Henderson Wintheiser V', '123', '123', 'gender', 'Yogyakarta', '1972-08-25', '12345', 'tidak', 'universitas', 'nama_sekolah', 'umum', 'sekolah', 'tidak', 'Yogyakarta', '1', '2', 'Medan', 'Surabaya', 'Yogyakarta', 'uploads/peserta1/Alibaba Account.PNG', 'uploads/peserta1/Alibaba Account.PNG', 'uploads/peserta1/Alibaba Account.PNG', 'uploads/peserta1/Alibaba Account.PNG', 'uploads/peserta1/Alibaba Account.PNG', 'uploads/peserta1/Alibaba Account.PNG', '[\"website\",\"bing\"]', 'setuju', 0, '2024-09-14 17:12:36', '2024-09-16 00:54:58'),
(464, 'brittany.swift@example.org', 16, 4, '[\"teman\",\"instagram\"]', 'uploads/peserta1/Alibaba Account.PNG', 'Prof. Cesar West', '123', '123', 'gender', 'Medan', '2016-12-19', '12345', 'tidak', 'universitas', 'nama_sekolah', 'umum', 'sekolah', 'tidak', 'Bandung', '1', '2', 'Jakarta', 'Jakarta', 'Jakarta', 'uploads/peserta1/Alibaba Account.PNG', 'uploads/peserta1/Alibaba Account.PNG', 'uploads/peserta1/Alibaba Account.PNG', 'uploads/peserta1/Alibaba Account.PNG', 'uploads/peserta1/Alibaba Account.PNG', 'uploads/peserta1/Alibaba Account.PNG', '[\"website\",\"bing\"]', 'setuju', 0, '2024-09-14 17:12:36', '2024-09-16 00:54:58'),
(465, 'anahi51@example.org', 16, 4, '[\"teman\",\"instagram\"]', 'uploads/peserta1/Alibaba Account.PNG', 'Yolanda Russel', '123', '123', 'gender', 'Medan', '1988-08-29', '12345', 'tidak', 'universitas', 'nama_sekolah', 'umum', 'sekolah', 'tidak', 'Yogyakarta', '1', '2', 'Yogyakarta', 'Yogyakarta', 'Medan', 'uploads/peserta1/Alibaba Account.PNG', 'uploads/peserta1/Alibaba Account.PNG', 'uploads/peserta1/Alibaba Account.PNG', 'uploads/peserta1/Alibaba Account.PNG', 'uploads/peserta1/Alibaba Account.PNG', 'uploads/peserta1/Alibaba Account.PNG', '[\"website\",\"bing\"]', 'setuju', 0, '2024-09-14 17:12:36', '2024-09-16 00:54:58'),
(466, 'annetta86@example.org', 17, 4, '[\"teman\",\"instagram\"]', 'uploads/peserta1/Alibaba Account.PNG', 'Julio Greenfelder', '123', '123', 'gender', 'Medan', '2000-02-12', '12345', 'tidak', 'universitas', 'nama_sekolah', 'umum', 'sekolah', 'tidak', 'Medan', '1', '2', 'Jakarta', 'Surabaya', 'Surabaya', 'uploads/peserta1/Alibaba Account.PNG', 'uploads/peserta1/Alibaba Account.PNG', 'uploads/peserta1/Alibaba Account.PNG', 'uploads/peserta1/Alibaba Account.PNG', 'uploads/peserta1/Alibaba Account.PNG', 'uploads/peserta1/Alibaba Account.PNG', '[\"website\",\"bing\"]', 'setuju', 0, '2024-09-14 17:12:46', '2024-09-16 00:54:58'),
(467, 'aankunding@example.net', 17, 4, '[\"teman\",\"instagram\"]', 'uploads/peserta1/Alibaba Account.PNG', 'Maybell Kessler', '123', '123', 'gender', 'Surabaya', '1983-03-24', '12345', 'tidak', 'universitas', 'nama_sekolah', 'umum', 'sekolah', 'tidak', 'Yogyakarta', '1', '2', 'Bandung', 'Bandung', 'Medan', 'uploads/peserta1/Alibaba Account.PNG', 'uploads/peserta1/Alibaba Account.PNG', 'uploads/peserta1/Alibaba Account.PNG', 'uploads/peserta1/Alibaba Account.PNG', 'uploads/peserta1/Alibaba Account.PNG', 'uploads/peserta1/Alibaba Account.PNG', '[\"website\",\"bing\"]', 'setuju', 0, '2024-09-14 17:12:46', '2024-09-16 00:54:58'),
(468, 'gerson.boyer@example.net', 17, 4, '[\"teman\",\"instagram\"]', 'uploads/peserta1/Alibaba Account.PNG', 'Mr. Leonard McGlynn', '123', '123', 'gender', 'Surabaya', '1979-08-16', '12345', 'tidak', 'universitas', 'nama_sekolah', 'umum', 'sekolah', 'tidak', 'Surabaya', '1', '2', 'Jakarta', 'Medan', 'Jakarta', 'uploads/peserta1/Alibaba Account.PNG', 'uploads/peserta1/Alibaba Account.PNG', 'uploads/peserta1/Alibaba Account.PNG', 'uploads/peserta1/Alibaba Account.PNG', 'uploads/peserta1/Alibaba Account.PNG', 'uploads/peserta1/Alibaba Account.PNG', '[\"website\",\"bing\"]', 'setuju', 0, '2024-09-14 17:12:46', '2024-09-16 00:54:58'),
(469, 'kemmer.nikita@example.net', 17, 4, '[\"teman\",\"instagram\"]', 'uploads/peserta1/Alibaba Account.PNG', 'Shayna Lakin', '123', '123', 'gender', 'Jakarta', '1971-06-28', '12345', 'tidak', 'universitas', 'nama_sekolah', 'umum', 'sekolah', 'tidak', 'Yogyakarta', '1', '2', 'Jakarta', 'Jakarta', 'Yogyakarta', 'uploads/peserta1/Alibaba Account.PNG', 'uploads/peserta1/Alibaba Account.PNG', 'uploads/peserta1/Alibaba Account.PNG', 'uploads/peserta1/Alibaba Account.PNG', 'uploads/peserta1/Alibaba Account.PNG', 'uploads/peserta1/Alibaba Account.PNG', '[\"website\",\"bing\"]', 'setuju', 0, '2024-09-14 17:12:46', '2024-09-16 00:54:58'),
(470, 'heathcote.mary@example.com', 17, 4, '[\"teman\",\"instagram\"]', 'uploads/peserta1/Alibaba Account.PNG', 'Albin Ondricka', '123', '123', 'gender', 'Yogyakarta', '2013-01-15', '12345', 'tidak', 'universitas', 'nama_sekolah', 'umum', 'sekolah', 'tidak', 'Yogyakarta', '1', '2', 'Medan', 'Bandung', 'Medan', 'uploads/peserta1/Alibaba Account.PNG', 'uploads/peserta1/Alibaba Account.PNG', 'uploads/peserta1/Alibaba Account.PNG', 'uploads/peserta1/Alibaba Account.PNG', 'uploads/peserta1/Alibaba Account.PNG', 'uploads/peserta1/Alibaba Account.PNG', '[\"website\",\"bing\"]', 'setuju', 0, '2024-09-14 17:12:46', '2024-09-16 00:54:58'),
(471, 'hailee.berge@example.com', 17, 4, '[\"teman\",\"instagram\"]', 'uploads/peserta1/Alibaba Account.PNG', 'Yasmeen Rosenbaum II', '123', '123', 'gender', 'Surabaya', '1997-01-02', '12345', 'tidak', 'universitas', 'nama_sekolah', 'umum', 'sekolah', 'tidak', 'Yogyakarta', '1', '2', 'Yogyakarta', 'Jakarta', 'Medan', 'uploads/peserta1/Alibaba Account.PNG', 'uploads/peserta1/Alibaba Account.PNG', 'uploads/peserta1/Alibaba Account.PNG', 'uploads/peserta1/Alibaba Account.PNG', 'uploads/peserta1/Alibaba Account.PNG', 'uploads/peserta1/Alibaba Account.PNG', '[\"website\",\"bing\"]', 'setuju', 0, '2024-09-14 17:12:46', '2024-09-16 00:54:58'),
(472, 'sandra.fahey@example.net', 17, 4, '[\"teman\",\"instagram\"]', 'uploads/peserta1/Alibaba Account.PNG', 'Francisca Rosenbaum', '123', '123', 'gender', 'Medan', '1999-11-06', '12345', 'tidak', 'universitas', 'nama_sekolah', 'umum', 'sekolah', 'tidak', 'Yogyakarta', '1', '2', 'Medan', 'Bandung', 'Medan', 'uploads/peserta1/Alibaba Account.PNG', 'uploads/peserta1/Alibaba Account.PNG', 'uploads/peserta1/Alibaba Account.PNG', 'uploads/peserta1/Alibaba Account.PNG', 'uploads/peserta1/Alibaba Account.PNG', 'uploads/peserta1/Alibaba Account.PNG', '[\"website\",\"bing\"]', 'setuju', 0, '2024-09-14 17:12:46', '2024-09-16 00:54:58'),
(473, 'botsford.jennyfer@example.net', 17, 4, '[\"teman\",\"instagram\"]', 'uploads/peserta1/Alibaba Account.PNG', 'Saul Hickle', '123', '123', 'gender', 'Bandung', '1980-02-26', '12345', 'tidak', 'universitas', 'nama_sekolah', 'umum', 'sekolah', 'tidak', 'Jakarta', '1', '2', 'Jakarta', 'Yogyakarta', 'Surabaya', 'uploads/peserta1/Alibaba Account.PNG', 'uploads/peserta1/Alibaba Account.PNG', 'uploads/peserta1/Alibaba Account.PNG', 'uploads/peserta1/Alibaba Account.PNG', 'uploads/peserta1/Alibaba Account.PNG', 'uploads/peserta1/Alibaba Account.PNG', '[\"website\",\"bing\"]', 'setuju', 0, '2024-09-14 17:12:46', '2024-09-16 00:54:58'),
(474, 'garland.bode@example.org', 17, 4, '[\"teman\",\"instagram\"]', 'uploads/peserta1/Alibaba Account.PNG', 'Lonny Jaskolski', '123', '123', 'gender', 'Jakarta', '2006-04-06', '12345', 'tidak', 'universitas', 'nama_sekolah', 'umum', 'sekolah', 'tidak', 'Yogyakarta', '1', '2', 'Yogyakarta', 'Bandung', 'Surabaya', 'uploads/peserta1/Alibaba Account.PNG', 'uploads/peserta1/Alibaba Account.PNG', 'uploads/peserta1/Alibaba Account.PNG', 'uploads/peserta1/Alibaba Account.PNG', 'uploads/peserta1/Alibaba Account.PNG', 'uploads/peserta1/Alibaba Account.PNG', '[\"website\",\"bing\"]', 'setuju', 0, '2024-09-14 17:12:46', '2024-09-16 00:54:58'),
(475, 'gleffler@example.com', 17, 4, '[\"teman\",\"instagram\"]', 'uploads/peserta1/Alibaba Account.PNG', 'Miss Alycia Runte', '123', '123', 'gender', 'Medan', '1988-10-13', '12345', 'tidak', 'universitas', 'nama_sekolah', 'umum', 'sekolah', 'tidak', 'Bandung', '1', '2', 'Medan', 'Bandung', 'Jakarta', 'uploads/peserta1/Alibaba Account.PNG', 'uploads/peserta1/Alibaba Account.PNG', 'uploads/peserta1/Alibaba Account.PNG', 'uploads/peserta1/Alibaba Account.PNG', 'uploads/peserta1/Alibaba Account.PNG', 'uploads/peserta1/Alibaba Account.PNG', '[\"website\",\"bing\"]', 'setuju', 0, '2024-09-14 17:12:46', '2024-09-16 00:54:58'),
(476, 'bella.jenkins@example.net', 17, 4, '[\"teman\",\"instagram\"]', 'uploads/peserta1/Alibaba Account.PNG', 'Giovanny Braun', '123', '123', 'gender', 'Medan', '2010-05-25', '12345', 'tidak', 'universitas', 'nama_sekolah', 'umum', 'sekolah', 'tidak', 'Surabaya', '1', '2', 'Jakarta', 'Bandung', 'Jakarta', 'uploads/peserta1/Alibaba Account.PNG', 'uploads/peserta1/Alibaba Account.PNG', 'uploads/peserta1/Alibaba Account.PNG', 'uploads/peserta1/Alibaba Account.PNG', 'uploads/peserta1/Alibaba Account.PNG', 'uploads/peserta1/Alibaba Account.PNG', '[\"website\",\"bing\"]', 'setuju', 0, '2024-09-14 17:12:46', '2024-09-16 00:54:58'),
(477, 'nchristiansen@example.net', 17, 4, '[\"teman\",\"instagram\"]', 'uploads/peserta1/Alibaba Account.PNG', 'Ebony Okuneva', '123', '123', 'gender', 'Jakarta', '1998-07-29', '12345', 'tidak', 'universitas', 'nama_sekolah', 'umum', 'sekolah', 'tidak', 'Surabaya', '1', '2', 'Bandung', 'Medan', 'Surabaya', 'uploads/peserta1/Alibaba Account.PNG', 'uploads/peserta1/Alibaba Account.PNG', 'uploads/peserta1/Alibaba Account.PNG', 'uploads/peserta1/Alibaba Account.PNG', 'uploads/peserta1/Alibaba Account.PNG', 'uploads/peserta1/Alibaba Account.PNG', '[\"website\",\"bing\"]', 'setuju', 0, '2024-09-14 17:12:46', '2024-09-16 00:54:58'),
(478, 'hellen29@example.org', 17, 4, '[\"teman\",\"instagram\"]', 'uploads/peserta1/Alibaba Account.PNG', 'Stefan Dickens', '123', '123', 'gender', 'Medan', '2015-12-06', '12345', 'tidak', 'universitas', 'nama_sekolah', 'umum', 'sekolah', 'tidak', 'Yogyakarta', '1', '2', 'Yogyakarta', 'Bandung', 'Surabaya', 'uploads/peserta1/Alibaba Account.PNG', 'uploads/peserta1/Alibaba Account.PNG', 'uploads/peserta1/Alibaba Account.PNG', 'uploads/peserta1/Alibaba Account.PNG', 'uploads/peserta1/Alibaba Account.PNG', 'uploads/peserta1/Alibaba Account.PNG', '[\"website\",\"bing\"]', 'setuju', 0, '2024-09-14 17:12:46', '2024-09-16 00:54:58'),
(479, 'isaias.bins@example.net', 17, 4, '[\"teman\",\"instagram\"]', 'uploads/peserta1/Alibaba Account.PNG', 'Mrs. Marta Hirthe I', '123', '123', 'gender', 'Surabaya', '2013-08-11', '12345', 'tidak', 'universitas', 'nama_sekolah', 'umum', 'sekolah', 'tidak', 'Yogyakarta', '1', '2', 'Jakarta', 'Bandung', 'Bandung', 'uploads/peserta1/Alibaba Account.PNG', 'uploads/peserta1/Alibaba Account.PNG', 'uploads/peserta1/Alibaba Account.PNG', 'uploads/peserta1/Alibaba Account.PNG', 'uploads/peserta1/Alibaba Account.PNG', 'uploads/peserta1/Alibaba Account.PNG', '[\"website\",\"bing\"]', 'setuju', 0, '2024-09-14 17:12:46', '2024-09-16 00:54:58'),
(480, 'dane78@example.net', 17, 4, '[\"teman\",\"instagram\"]', 'uploads/peserta1/Alibaba Account.PNG', 'Patricia Ritchie', '123', '123', 'gender', 'Medan', '2016-03-02', '12345', 'tidak', 'universitas', 'nama_sekolah', 'umum', 'sekolah', 'tidak', 'Jakarta', '1', '2', 'Bandung', 'Medan', 'Yogyakarta', 'uploads/peserta1/Alibaba Account.PNG', 'uploads/peserta1/Alibaba Account.PNG', 'uploads/peserta1/Alibaba Account.PNG', 'uploads/peserta1/Alibaba Account.PNG', 'uploads/peserta1/Alibaba Account.PNG', 'uploads/peserta1/Alibaba Account.PNG', '[\"website\",\"bing\"]', 'setuju', 0, '2024-09-14 17:12:46', '2024-09-16 00:54:58'),
(481, 'runolfsdottir.sylvia@example.org', 17, 4, '[\"teman\",\"instagram\"]', 'uploads/peserta1/Alibaba Account.PNG', 'Ms. Aliza Littel', '123', '123', 'gender', 'Bandung', '1972-07-17', '12345', 'tidak', 'universitas', 'nama_sekolah', 'umum', 'sekolah', 'tidak', 'Yogyakarta', '1', '2', 'Surabaya', 'Bandung', 'Jakarta', 'uploads/peserta1/Alibaba Account.PNG', 'uploads/peserta1/Alibaba Account.PNG', 'uploads/peserta1/Alibaba Account.PNG', 'uploads/peserta1/Alibaba Account.PNG', 'uploads/peserta1/Alibaba Account.PNG', 'uploads/peserta1/Alibaba Account.PNG', '[\"website\",\"bing\"]', 'setuju', 0, '2024-09-14 17:12:46', '2024-09-16 00:54:58'),
(482, 'emmett.gerlach@example.org', 17, 4, '[\"teman\",\"instagram\"]', 'uploads/peserta1/Alibaba Account.PNG', 'Dr. Chester Fay', '123', '123', 'gender', 'Yogyakarta', '1980-09-03', '12345', 'tidak', 'universitas', 'nama_sekolah', 'umum', 'sekolah', 'tidak', 'Jakarta', '1', '2', 'Surabaya', 'Surabaya', 'Medan', 'uploads/peserta1/Alibaba Account.PNG', 'uploads/peserta1/Alibaba Account.PNG', 'uploads/peserta1/Alibaba Account.PNG', 'uploads/peserta1/Alibaba Account.PNG', 'uploads/peserta1/Alibaba Account.PNG', 'uploads/peserta1/Alibaba Account.PNG', '[\"website\",\"bing\"]', 'setuju', 0, '2024-09-14 17:12:46', '2024-09-16 00:54:58'),
(483, 'koch.deron@example.org', 17, 4, '[\"teman\",\"instagram\"]', 'uploads/peserta1/Alibaba Account.PNG', 'Agnes Nicolas', '123', '123', 'gender', 'Bandung', '2013-10-25', '12345', 'tidak', 'universitas', 'nama_sekolah', 'umum', 'sekolah', 'tidak', 'Yogyakarta', '1', '2', 'Surabaya', 'Medan', 'Yogyakarta', 'uploads/peserta1/Alibaba Account.PNG', 'uploads/peserta1/Alibaba Account.PNG', 'uploads/peserta1/Alibaba Account.PNG', 'uploads/peserta1/Alibaba Account.PNG', 'uploads/peserta1/Alibaba Account.PNG', 'uploads/peserta1/Alibaba Account.PNG', '[\"website\",\"bing\"]', 'setuju', 0, '2024-09-14 17:12:46', '2024-09-16 00:54:58'),
(484, 'dominic91@example.net', 17, 4, '[\"teman\",\"instagram\"]', 'uploads/peserta1/Alibaba Account.PNG', 'Prof. Graham Kuphal', '123', '123', 'gender', 'Yogyakarta', '2013-05-21', '12345', 'tidak', 'universitas', 'nama_sekolah', 'umum', 'sekolah', 'tidak', 'Medan', '1', '2', 'Yogyakarta', 'Jakarta', 'Surabaya', 'uploads/peserta1/Alibaba Account.PNG', 'uploads/peserta1/Alibaba Account.PNG', 'uploads/peserta1/Alibaba Account.PNG', 'uploads/peserta1/Alibaba Account.PNG', 'uploads/peserta1/Alibaba Account.PNG', 'uploads/peserta1/Alibaba Account.PNG', '[\"website\",\"bing\"]', 'setuju', 0, '2024-09-14 17:12:46', '2024-09-16 00:54:58'),
(485, 'laurine06@example.org', 17, 4, '[\"teman\",\"instagram\"]', 'uploads/peserta1/Alibaba Account.PNG', 'Michaela Ritchie', '123', '123', 'gender', 'Medan', '2018-05-04', '12345', 'tidak', 'universitas', 'nama_sekolah', 'umum', 'sekolah', 'tidak', 'Yogyakarta', '1', '2', 'Yogyakarta', 'Yogyakarta', 'Bandung', 'uploads/peserta1/Alibaba Account.PNG', 'uploads/peserta1/Alibaba Account.PNG', 'uploads/peserta1/Alibaba Account.PNG', 'uploads/peserta1/Alibaba Account.PNG', 'uploads/peserta1/Alibaba Account.PNG', 'uploads/peserta1/Alibaba Account.PNG', '[\"website\",\"bing\"]', 'setuju', 0, '2024-09-14 17:12:46', '2024-09-16 00:54:58'),
(486, 'mercedes.fadel@example.net', 17, 4, '[\"teman\",\"instagram\"]', 'uploads/peserta1/Alibaba Account.PNG', 'Prof. Mossie Gerhold Jr.', '123', '123', 'gender', 'Jakarta', '2009-05-27', '12345', 'tidak', 'universitas', 'nama_sekolah', 'umum', 'sekolah', 'tidak', 'Medan', '1', '2', 'Surabaya', 'Surabaya', 'Medan', 'uploads/peserta1/Alibaba Account.PNG', 'uploads/peserta1/Alibaba Account.PNG', 'uploads/peserta1/Alibaba Account.PNG', 'uploads/peserta1/Alibaba Account.PNG', 'uploads/peserta1/Alibaba Account.PNG', 'uploads/peserta1/Alibaba Account.PNG', '[\"website\",\"bing\"]', 'setuju', 0, '2024-09-14 17:12:46', '2024-09-16 00:54:58'),
(487, 'muller.maxine@example.com', 17, 4, '[\"teman\",\"instagram\"]', 'uploads/peserta1/Alibaba Account.PNG', 'Dr. Nicole Hoeger Jr.', '123', '123', 'gender', 'Yogyakarta', '1983-01-11', '12345', 'tidak', 'universitas', 'nama_sekolah', 'umum', 'sekolah', 'tidak', 'Medan', '1', '2', 'Jakarta', 'Surabaya', 'Bandung', 'uploads/peserta1/Alibaba Account.PNG', 'uploads/peserta1/Alibaba Account.PNG', 'uploads/peserta1/Alibaba Account.PNG', 'uploads/peserta1/Alibaba Account.PNG', 'uploads/peserta1/Alibaba Account.PNG', 'uploads/peserta1/Alibaba Account.PNG', '[\"website\",\"bing\"]', 'setuju', 0, '2024-09-14 17:12:46', '2024-09-16 00:54:58'),
(488, 'jennie75@example.net', 17, 4, '[\"teman\",\"instagram\"]', 'uploads/peserta1/Alibaba Account.PNG', 'Eusebio Mayer', '123', '123', 'gender', 'Bandung', '1985-06-10', '12345', 'tidak', 'universitas', 'nama_sekolah', 'umum', 'sekolah', 'tidak', 'Bandung', '1', '2', 'Surabaya', 'Surabaya', 'Surabaya', 'uploads/peserta1/Alibaba Account.PNG', 'uploads/peserta1/Alibaba Account.PNG', 'uploads/peserta1/Alibaba Account.PNG', 'uploads/peserta1/Alibaba Account.PNG', 'uploads/peserta1/Alibaba Account.PNG', 'uploads/peserta1/Alibaba Account.PNG', '[\"website\",\"bing\"]', 'setuju', 0, '2024-09-14 17:12:46', '2024-09-16 00:54:58'),
(489, 'cleora.graham@example.com', 17, 4, '[\"teman\",\"instagram\"]', 'uploads/peserta1/Alibaba Account.PNG', 'Matilde Jast', '123', '123', 'gender', 'Surabaya', '1997-04-04', '12345', 'tidak', 'universitas', 'nama_sekolah', 'umum', 'sekolah', 'tidak', 'Medan', '1', '2', 'Bandung', 'Surabaya', 'Medan', 'uploads/peserta1/Alibaba Account.PNG', 'uploads/peserta1/Alibaba Account.PNG', 'uploads/peserta1/Alibaba Account.PNG', 'uploads/peserta1/Alibaba Account.PNG', 'uploads/peserta1/Alibaba Account.PNG', 'uploads/peserta1/Alibaba Account.PNG', '[\"website\",\"bing\"]', 'setuju', 0, '2024-09-14 17:12:46', '2024-09-16 00:54:58'),
(490, 'fisher.sonia@example.com', 17, 4, '[\"teman\",\"instagram\"]', 'uploads/peserta1/Alibaba Account.PNG', 'Prof. Deondre Ruecker', '123', '123', 'gender', 'Yogyakarta', '1988-12-18', '12345', 'tidak', 'universitas', 'nama_sekolah', 'umum', 'sekolah', 'tidak', 'Yogyakarta', '1', '2', 'Yogyakarta', 'Medan', 'Medan', 'uploads/peserta1/Alibaba Account.PNG', 'uploads/peserta1/Alibaba Account.PNG', 'uploads/peserta1/Alibaba Account.PNG', 'uploads/peserta1/Alibaba Account.PNG', 'uploads/peserta1/Alibaba Account.PNG', 'uploads/peserta1/Alibaba Account.PNG', '[\"website\",\"bing\"]', 'setuju', 0, '2024-09-14 17:12:46', '2024-09-16 00:54:58'),
(491, 'meidhika@gmail.com', 17, 4, '[\"instagram\",\"website\",\"whatsapp\",\"teman\"]', 'uploads/peserta491/ss instagram.jpg', 'Meidhika NS', '12345678', '12345678', 'laki-laki', 'Jakarta', '2024-09-16', '+6285712305959', 'tidak', 'S1', 'Universitas Al-Azhar', 'Tafsir dan Ilmu Al-Quran', 'cari_kerja', 'tidak', 'Pasar Baru', '1', '1', 'Karet Tengsin', 'Tanah Abang', 'jakarta_pusat', 'uploads/peserta491/Ktp.pdf', 'uploads/peserta491/Surat Domisili.jpg', 'uploads/peserta491/Kartu Keluarga.jpg', 'uploads/peserta491/Ijasa.jpeg', 'uploads/peserta491/Pas Foto.jpg', 'uploads/peserta491/Sertif Vaksin.jpg', '[\"Content Creator\",\"Desain Grafis\"]', 'setuju', 1, '2024-09-16 04:46:40', '2024-09-16 17:56:32');

-- --------------------------------------------------------

--
-- Table structure for table `sessions`
--

CREATE TABLE `sessions` (
  `id` varchar(255) NOT NULL,
  `user_id` bigint(20) UNSIGNED DEFAULT NULL,
  `ip_address` varchar(45) DEFAULT NULL,
  `user_agent` text DEFAULT NULL,
  `payload` longtext NOT NULL,
  `last_activity` int(11) NOT NULL
) ENGINE=InnoDB DEFAULT CHARSET=utf8mb4 COLLATE=utf8mb4_unicode_ci;

--
-- Dumping data for table `sessions`
--

INSERT INTO `sessions` (`id`, `user_id`, `ip_address`, `user_agent`, `payload`, `last_activity`) VALUES
('Dl7JuqmHfEpqpmPXLtoVeK1PU7Y5MdXBs9S9TyIh', 1, '127.0.0.1', 'Mozilla/5.0 (Windows NT 10.0; Win64; x64) AppleWebKit/537.36 (KHTML, like Gecko) Chrome/128.0.0.0 Safari/537.36', 'YTo1OntzOjY6Il90b2tlbiI7czo0MDoiVWI5NGFiRGYzN1BSWlhUWDhSRjROTm9xNDhBbDFuSXdZVzg1UFV2UyI7czo5OiJfcHJldmlvdXMiO2E6MTp7czozOiJ1cmwiO3M6MjE6Imh0dHA6Ly8xMjcuMC4wLjE6ODAwMCI7fXM6NjoiX2ZsYXNoIjthOjI6e3M6Mzoib2xkIjthOjA6e31zOjM6Im5ldyI7YTowOnt9fXM6NToiYWxlcnQiO2E6MDp7fXM6NTA6ImxvZ2luX3dlYl81OWJhMzZhZGRjMmIyZjk0MDE1ODBmMDE0YzdmNThlYTRlMzA5ODlkIjtpOjE7fQ==', 1726552077),
('DlXMAAMoWYLlPOwjo8Fb2TONX2vlLS9kxOrC9XWc', NULL, '127.0.0.1', 'Mozilla/5.0 (Windows NT 10.0; Win64; x64) AppleWebKit/537.36 (KHTML, like Gecko) Chrome/128.0.0.0 Safari/537.36', 'YTozOntzOjY6Il90b2tlbiI7czo0MDoiU2ZHNWN2M2xrOTk3T29NNVBVenNjUkU2MTF4V3c0ZDJmQTNqVEZmTSI7czo5OiJfcHJldmlvdXMiO2E6MTp7czozOiJ1cmwiO3M6MjE6Imh0dHA6Ly8xMjcuMC4wLjE6ODAwMCI7fXM6NjoiX2ZsYXNoIjthOjI6e3M6Mzoib2xkIjthOjA6e31zOjM6Im5ldyI7YTowOnt9fX0=', 1726554404),
('LffQLzG2837zgMZKzXZMmSnCYuk54u6eyZFS9pMQ', NULL, '127.0.0.1', 'Mozilla/5.0 (Windows NT 10.0; Win64; x64) AppleWebKit/537.36 (KHTML, like Gecko) Chrome/128.0.0.0 Safari/537.36', 'YTozOntzOjY6Il90b2tlbiI7czo0MDoiS2pBc2JmbTRrT3BOc0VUT3E1dGxSU0JzYUhHRFJEM0JXeElVT0l2SCI7czo5OiJfcHJldmlvdXMiO2E6MTp7czozOiJ1cmwiO3M6MjE6Imh0dHA6Ly8xMjcuMC4wLjE6ODAwMCI7fXM6NjoiX2ZsYXNoIjthOjI6e3M6Mzoib2xkIjthOjA6e31zOjM6Im5ldyI7YTowOnt9fX0=', 1726543820);

-- --------------------------------------------------------

--
-- Table structure for table `users`
--

CREATE TABLE `users` (
  `id` bigint(20) UNSIGNED NOT NULL,
  `id_level` bigint(20) UNSIGNED NOT NULL,
  `nama_lengkap` varchar(255) NOT NULL,
  `email` varchar(255) NOT NULL,
  `email_verified_at` timestamp NULL DEFAULT NULL,
  `password` varchar(255) NOT NULL,
  `remember_token` varchar(100) DEFAULT NULL,
  `created_at` timestamp NULL DEFAULT NULL,
  `updated_at` timestamp NULL DEFAULT NULL,
  `deleted_at` timestamp NULL DEFAULT NULL
) ENGINE=InnoDB DEFAULT CHARSET=utf8mb4 COLLATE=utf8mb4_unicode_ci;

--
-- Dumping data for table `users`
--

INSERT INTO `users` (`id`, `id_level`, `nama_lengkap`, `email`, `email_verified_at`, `password`, `remember_token`, `created_at`, `updated_at`, `deleted_at`) VALUES
(1, 1, 'Administrator', 'admin@ppkdjp.com', NULL, '$2y$12$zusZAR1KQ2y/g8y15Vs6UeszoM/BUPeubz1Vn2VLL0aW6OgS9TXQC', NULL, '2024-09-15 19:19:32', '2024-09-15 19:19:32', NULL),
(2, 2, 'Admin Aplikasi', 'adminapk@ppkdjp.com', NULL, '$2y$12$Cs526TQgrGoIgsnKngM53uagskP4FqBhlT6y.FDfCTmU0bwdKrjZa', NULL, '2024-09-15 19:22:32', '2024-09-15 19:22:32', NULL),
(3, 3, 'Pimpinan', 'pimpinan@ppkdjp.com', NULL, '$2y$12$.bR2y/hiUp2UyQtAV9633ec8DVxR/gF0KuyWWZGFwCE19EFQwGaK6', NULL, '2024-09-15 19:22:57', '2024-09-15 19:22:57', NULL),
(4, 4, 'PIC Ve Web', 'picveweb@ppkdjp.com', NULL, '$2y$12$Wnko61ptRwfb3NqX.OCuhuCeqbY2vfwAKR7Lu0Wro6jJfIF6qb1j2', NULL, '2024-09-15 19:39:17', '2024-09-15 23:51:56', NULL),
(5, 5, 'Intruktur Website', 'insweb@ppkdjp.com', NULL, '$2y$12$U1CoVje/x9WU.1FNjhnK8eH/PRXkwiaQ29O87LVOYkkpjTaQLb6JC', NULL, '2024-09-15 19:43:44', '2024-09-15 19:44:16', NULL),
(69, 4, 'Mei', 'mei@dhika.com', NULL, '$2y$12$rrxNyWIN1cqzaskcLKuxoek1LzV458t9WMYQvnnoeHWQ5VvFO6t3.', NULL, '2024-09-16 22:39:28', '2024-09-16 22:39:28', NULL);

-- --------------------------------------------------------

--
-- Table structure for table `user_jurusan`
--

CREATE TABLE `user_jurusan` (
  `id` bigint(20) UNSIGNED NOT NULL,
  `id_user` bigint(20) UNSIGNED NOT NULL,
  `id_jurusan` bigint(20) UNSIGNED NOT NULL,
  `created_at` timestamp NULL DEFAULT NULL,
  `updated_at` timestamp NULL DEFAULT NULL
) ENGINE=InnoDB DEFAULT CHARSET=utf8mb4 COLLATE=utf8mb4_unicode_ci;

--
-- Dumping data for table `user_jurusan`
--

INSERT INTO `user_jurusan` (`id`, `id_user`, `id_jurusan`, `created_at`, `updated_at`) VALUES
(3, 5, 17, '2024-09-15 19:44:16', '2024-09-15 19:44:16'),
(24, 4, 16, '2024-09-15 23:51:56', '2024-09-15 23:51:56'),
(25, 4, 17, '2024-09-15 23:51:56', '2024-09-15 23:51:56'),
(26, 69, 2, '2024-09-16 22:39:28', '2024-09-16 22:39:28'),
(27, 69, 11, '2024-09-16 22:39:28', '2024-09-16 22:39:28'),
(28, 69, 4, '2024-09-16 22:39:28', '2024-09-16 22:39:28');

--
-- Indexes for dumped tables
--

--
-- Indexes for table `cache`
--
ALTER TABLE `cache`
  ADD PRIMARY KEY (`key`);

--
-- Indexes for table `cache_locks`
--
ALTER TABLE `cache_locks`
  ADD PRIMARY KEY (`key`);

--
-- Indexes for table `failed_jobs`
--
ALTER TABLE `failed_jobs`
  ADD PRIMARY KEY (`id`),
  ADD UNIQUE KEY `failed_jobs_uuid_unique` (`uuid`);

--
-- Indexes for table `gelombang`
--
ALTER TABLE `gelombang`
  ADD PRIMARY KEY (`id`);

--
-- Indexes for table `jobs`
--
ALTER TABLE `jobs`
  ADD PRIMARY KEY (`id`),
  ADD KEY `jobs_queue_index` (`queue`);

--
-- Indexes for table `job_batches`
--
ALTER TABLE `job_batches`
  ADD PRIMARY KEY (`id`);

--
-- Indexes for table `jurusan`
--
ALTER TABLE `jurusan`
  ADD PRIMARY KEY (`id`);

--
-- Indexes for table `levels`
--
ALTER TABLE `levels`
  ADD PRIMARY KEY (`id`);

--
-- Indexes for table `migrations`
--
ALTER TABLE `migrations`
  ADD PRIMARY KEY (`id`);

--
-- Indexes for table `password_reset_tokens`
--
ALTER TABLE `password_reset_tokens`
  ADD PRIMARY KEY (`email`);

--
-- Indexes for table `personal_access_tokens`
--
ALTER TABLE `personal_access_tokens`
  ADD PRIMARY KEY (`id`),
  ADD UNIQUE KEY `personal_access_tokens_token_unique` (`token`),
  ADD KEY `personal_access_tokens_tokenable_type_tokenable_id_index` (`tokenable_type`,`tokenable_id`);

--
-- Indexes for table `peserta_pelatihan`
--
ALTER TABLE `peserta_pelatihan`
  ADD PRIMARY KEY (`id`),
  ADD UNIQUE KEY `peserta_pelatihan_email_unique` (`email`),
  ADD KEY `peserta_pelatihan_id_jurusan_foreign` (`id_jurusan`),
  ADD KEY `peserta_pelatihan_id_gelombang_foreign` (`id_gelombang`);

--
-- Indexes for table `sessions`
--
ALTER TABLE `sessions`
  ADD PRIMARY KEY (`id`),
  ADD KEY `sessions_user_id_index` (`user_id`),
  ADD KEY `sessions_last_activity_index` (`last_activity`);

--
-- Indexes for table `users`
--
ALTER TABLE `users`
  ADD PRIMARY KEY (`id`),
  ADD UNIQUE KEY `users_email_unique` (`email`),
  ADD KEY `users_id_level_foreign` (`id_level`);

--
-- Indexes for table `user_jurusan`
--
ALTER TABLE `user_jurusan`
  ADD PRIMARY KEY (`id`),
  ADD KEY `user_jurusan_id_user_foreign` (`id_user`),
  ADD KEY `user_jurusan_id_jurusan_foreign` (`id_jurusan`);

--
-- AUTO_INCREMENT for dumped tables
--

--
-- AUTO_INCREMENT for table `failed_jobs`
--
ALTER TABLE `failed_jobs`
  MODIFY `id` bigint(20) UNSIGNED NOT NULL AUTO_INCREMENT;

--
-- AUTO_INCREMENT for table `gelombang`
--
ALTER TABLE `gelombang`
  MODIFY `id` bigint(20) UNSIGNED NOT NULL AUTO_INCREMENT, AUTO_INCREMENT=6;

--
-- AUTO_INCREMENT for table `jobs`
--
ALTER TABLE `jobs`
  MODIFY `id` bigint(20) UNSIGNED NOT NULL AUTO_INCREMENT;

--
-- AUTO_INCREMENT for table `jurusan`
--
ALTER TABLE `jurusan`
  MODIFY `id` bigint(20) UNSIGNED NOT NULL AUTO_INCREMENT, AUTO_INCREMENT=18;

--
-- AUTO_INCREMENT for table `levels`
--
ALTER TABLE `levels`
  MODIFY `id` bigint(20) UNSIGNED NOT NULL AUTO_INCREMENT, AUTO_INCREMENT=12;

--
-- AUTO_INCREMENT for table `migrations`
--
ALTER TABLE `migrations`
  MODIFY `id` int(10) UNSIGNED NOT NULL AUTO_INCREMENT, AUTO_INCREMENT=21;

--
-- AUTO_INCREMENT for table `personal_access_tokens`
--
ALTER TABLE `personal_access_tokens`
  MODIFY `id` bigint(20) UNSIGNED NOT NULL AUTO_INCREMENT;

--
-- AUTO_INCREMENT for table `peserta_pelatihan`
--
ALTER TABLE `peserta_pelatihan`
  MODIFY `id` bigint(20) UNSIGNED NOT NULL AUTO_INCREMENT, AUTO_INCREMENT=492;

--
-- AUTO_INCREMENT for table `users`
--
ALTER TABLE `users`
  MODIFY `id` bigint(20) UNSIGNED NOT NULL AUTO_INCREMENT, AUTO_INCREMENT=70;

--
-- AUTO_INCREMENT for table `user_jurusan`
--
ALTER TABLE `user_jurusan`
  MODIFY `id` bigint(20) UNSIGNED NOT NULL AUTO_INCREMENT, AUTO_INCREMENT=29;

--
-- Constraints for dumped tables
--

--
-- Constraints for table `peserta_pelatihan`
--
ALTER TABLE `peserta_pelatihan`
  ADD CONSTRAINT `peserta_pelatihan_id_gelombang_foreign` FOREIGN KEY (`id_gelombang`) REFERENCES `gelombang` (`id`) ON DELETE CASCADE,
  ADD CONSTRAINT `peserta_pelatihan_id_jurusan_foreign` FOREIGN KEY (`id_jurusan`) REFERENCES `jurusan` (`id`) ON DELETE CASCADE;

--
-- Constraints for table `users`
--
ALTER TABLE `users`
  ADD CONSTRAINT `users_id_level_foreign` FOREIGN KEY (`id_level`) REFERENCES `levels` (`id`) ON DELETE CASCADE;

--
-- Constraints for table `user_jurusan`
--
ALTER TABLE `user_jurusan`
  ADD CONSTRAINT `user_jurusan_id_jurusan_foreign` FOREIGN KEY (`id_jurusan`) REFERENCES `jurusan` (`id`) ON DELETE CASCADE,
  ADD CONSTRAINT `user_jurusan_id_user_foreign` FOREIGN KEY (`id_user`) REFERENCES `users` (`id`) ON DELETE CASCADE;
COMMIT;

/*!40101 SET CHARACTER_SET_CLIENT=@OLD_CHARACTER_SET_CLIENT */;
/*!40101 SET CHARACTER_SET_RESULTS=@OLD_CHARACTER_SET_RESULTS */;
/*!40101 SET COLLATION_CONNECTION=@OLD_COLLATION_CONNECTION */;
